جو,511231
آهي,427432
کي,400156
ته,385658
به,243598
تي,241773
هو,225630
کان,214904
سان,206079
نه,189979
ٿي,180066
هن,177358
ان,170751
ڪري,167273
آهن,147545
جا,144498
هڪ,143694
مان,138754
ٿو,124234
لاءِ,122186
پر,104490
پنهنجي,92636
جنهن,88304
سنڌ,84061
ويو,83842
ڪيو,82763
سندس,82108
مون,78535
پوءِ,72514
اهو,70414
يا,69861
هئي,69449
اسان,68742
ڪرڻ,65831
ڪتاب,61798
هئا,61206
ٿا,61205
انهن,58267
وقت,55654
وڃي,53367
ٿيو,52221
ڪنهن,51656
هي,50210
اچي,48968
ڪئي,48886
محمد,48640
واري,47847
پاڻ,46669
جڏهن,45459
جون,44246
ڪو,43891
سنڌي,41985
جن,40877
تائين,40858
جيڪو,39797
چيو,39469
رهيو,38419
هر,38009
ڪم,37999
خان,37922
اها,37532
کيس,37452
ڪجهه,35758
ڏينهن,35317
شاهه,35143
ماڻهو,34244
انهيءَ,34066
جيڪي,32282
صاحب,32107
ڳالهه,31688
آھي,31467
منهنجي,30431
اهي,30219
وري,29731
آيو,28302
ڇا,28278
ويا,28235
وٽ,28002
رهي,27936
ٿئي,27833
سڀ,27773
گهر,27732
شهر,27518
پيو,27462
ٻئي,27145
جيئن,27103
علي,26938
تون,26720
ماڻهن,26405
دل,25314
گڏ,25276
پئي,25006
ڪن,24791
الله,24763
پڻ,24547
وڏي,24031
دنيا,23642
وڌيڪ,23598
وٺي,23248
اڄ,23174
سال,22954
طرح,22920
ٻه,22897
وارو,22879
ملڪ,22427
هوندو,21918
هٿ,21664
تاريخ,21454
سندن,21172
بي,21168
طور,21132
ائين,21131
ويندو,21068
ڪا,21054
ڪي,20976
ڳوٺ,20946
ٻين,20674
وئي,20623
ھو,20382
نالو,20279
ڇو,20271
نظر,20252
ڏنو,20007
حاصل,19902
وڏو,19902
هتي,19881
ڪڏهن,19779
ٿيندو,19759
اڳ,19701
هجي,19654
ٻيو,19609
ٿيڻ,19424
هنن,19407
مير,19279
کڻي,19128
بعد,18906
دور,18741
نالي,18700
ڪندو,18591
اهڙي,18256
آهيان,18231
سو,18207
آ,18176
جيڪا,18089
شروع,18074
انسان,17962
پاڪستان,17917
تڏهن,17907
پنهنجو,17899
تان,17844
ٽي,17801
اتي,17628
اندر,17515
تنهن,17288
جتي,17229
ڏانهن,17081
پير,16990
توهان,16980
ها,16947
هوندي,16943
پٽ,16906
سگهي,16896
ادب,16765
ڪيائين,16685
ملي,16658
موجود,16521
خبر,16463
خاص,16368
حڪومت,16281
لڳي,16118
ڪونه,16085
بابت,16078
ڏسي,16062
شيخ,16047
ڊاڪٽر,16019
ڇڏي,15950
لڳو,15816
مشهور,15764
گهڻو,15656
رهيا,15590
جيڪڏهن,15585
سبب,15510
پيدا,15410
سيد,15324
هيءُ,15292
ھن,15261
ڪندي,15203
وارن,15093
رات,15020
ڇڏيو,14944
ڪندا,14908
خيال,14865
ٿيون,14767
تعليم,14702
مختلف,14524
اوهان,14517
ڏئي,14494
شامل,14407
ناهي,14362
هيءَ,14249
رکي,14221
هيون,14189
ٿيا,14174
تمام,14149
حيدرآباد,14064
يعني,13910
اُن,13784
عام,13777
تھ,13668
پهرين,13652
ڏي,13543
آئون,13539
هاڻي,13521
وچ,13390
آواز,13343
وغيره,13338
تو,13326
سڀني,13298
مٿي,13264
وانگر,13203
طرف,13188
قسم,13091
پيا,13053
بن,13009
تنهنجي,12857
و,12839
رڳو,12717
ڪيا,12643
غلام,12632
ڏني,12584
هيٺ,12535
ٿيندي,12508
فقط,12445
ڏيڻ,12374
ٻيا,12371
اڃا,12332
پهريون,12291
ٻي,12258
آباد,12246
قائم,12220
منهنجو,12215
ويندي,12212
ادبي,12009
ڄڻ,11937
خدا,11922
سڄي,11899
شاعر,11853
سواءِ,11843
توکي,11793
پاڻي,11785
ٻن,11720
پاسي,11668
وارا,11576
کين,11449
سي,11414
حضرت,11409
آءٌ,11404
پيش,11390
ڪيل,11330
هه,11318
زندگيءَ,11260
ھڪ,11217
وڃن,11191
زمين,11177
آھن,11096
کانپوءِ,11069
عمر,11063
اي,11032
ويئي,10994
زندگي,10886
ياد,10863
سالن,10837
هوءَ,10775
ڪيئن,10756
سر,10733
ڏٺو,10674
ٻاهر,10642
سائين,10620
آئي,10575
ٿيل,10519
علم,10500
هوندا,10431
بند,10391
چئي,10348
هلي,10330
نئين,10312
اهڙو,10279
مرزا,10250
هاڻ,10248
اچڻ,10232
ڪٿي,10223
جنگ,10207
لکي,10140
جواب,10136
آيا,10058
باقي,10053
ڪراچي,10045
بخش,9988
جهاز,9964
گهٽ,9905
وڃڻ,9878
وفات,9857
لکيل,9821
ٻار,9767
مقرر,9734
لفظ,9710
چوڻ,9701
زبان,9666
محبت,9660
ڪوشش,9580
دوست,9579
رنگ,9531
ذڪر,9497
مٿان,9475
لکيو,9396
توڙي,9354
منهن,9344
مخدوم,9343
ڪافي,9309
احمد,9225
صورت,9218
نٿو,9192
ڏسڻ,9165
جاءِ,9160
رکيو,9159
پوي,9158
الدين,9147
موجب,9138
اڳتي,9115
بيان,9112
فقير,9110
ورتو,9108
حصو,9076
اسين,9071
اکين,9018
اڳيان,9001
ختم,8944
ڪتابن,8931
تن,8924
ٻڌي,8915
سياسي,8894
سمنڊ,8883
ويندا,8868
عمل,8857
حق,8837
اسڪول,8800
پاران,8771
نڪري,8726
استعمال,8713
اصل,8641
حسن,8625
ميان,8557
گهڻي,8550
آخر,8519
زماني,8476
صفحو,8469
تيار,8455
حسين,8450
ملڪن,8433
سفر,8405
ڏيئي,8400
آهيون,8379
جان,8374
حقيقت,8353
پنهنجن,8345
هڪڙي,8336
مونکي,8328
محسوس,8302
پري,8291
بادشاهه,8280
صرف,8239
ايندو,8233
بورڊ,8224
عورت,8196
مطلب,8157
ڪر,8137
ٿين,8135
ايم,8123
اهم,8113
ٻنهي,8111
چار,8046
گل,8027
پيار,8024
بس,8022
جلد,7975
ڄام,7974
ٻوليءَ,7971
قوم,7966
ڪراچيءَ,7962
مدد,7962
هندستان,7955
طرفان,7939
عالم,7902
حالت,7901
ڪهڙي,7901
ماءُ,7896
پاڻيءَ,7878
گهرجي,7857
در,7851
ڪريو,7846
خود,7829
شايد,7820
باب,7808
وڏا,7806
پي,7786
ڪيترن,7770
پنھنجي,7754
ڳالهيون,7746
ڏاڍو,7695
ظاهر,7645
پيءُ,7643
هنڌ,7614
ٻڌايو,7609
ٿيندا,7609
ڪيترائي,7600
ضرور,7584
من,7561
چيائين,7489
اسلام,7488
حوالي,7487
ذريعي,7472
پوري,7468
دوران,7455
آهين,7435
شاعري,7387
ضلعي,7349
خوش,7275
نئون,7238
رکڻ,7234
قديم,7167
اثر,7165
مولانا,7152
کن,7146
خلاف,7137
سگهجي,7093
جهڙي,7078
ٺٽي,7027
آمريڪا,6994
ڪوٽ,6980
استاد,6974
هوس,6937
هزار,6928
زور,6911
ڪير,6904
ڪڍي,6899
آزاد,6892
شيءِ,6889
مسجد,6870
تعلقي,6863
حيثيت,6809
شاعريءَ,6805
هڪڙو,6755
بيگ,6742
لڳا,6742
وزير,6696
اٿس,6684
ھئي,6684
ريت,6664
ايترو,6653
ماڻهوءَ,6627
ڪيون,6611
سخت,6610
شادي,6605
پاڪ,6603
ڀاءُ,6595
ويون,6592
غير,6590
جيان,6585
رهندو,6568
چڪو,6562
حڪم,6550
فوج,6539
صحيح,6538
سوال,6534
بلڪل,6533
اهڙا,6531
شايع,6530
ڪاليج,6530
اختيار,6527
ايندڙ,6513
ڪندڙ,6483
شخص,6467
ڌاري,6460
پسند,6447
ذات,6444
رهڻ,6428
اڌ,6421
معلوم,6407
مگر,6407
انگريزن,6400
ترجمو,6400
ديهه,6393
سامهون,6392
دؤر,6391
خط,6380
مليو,6379
آخري,6368
پنهنجا,6361
ڪيترا,6354
مسلمان,6351
جدا,6335
مال,6324
ڪونهي,6287
جهڙو,6284
قرآن,6267
موت,6264
ضرورت,6259
ڪانه,6254
امير,6246
اچن,6239
عشق,6229
حال,6219
ڏاڍي,6209
سچ,6207
ننڍي,6199
ٽن,6188
ھئا,6174
جاري,6173
زال,6167
جنھن,6154
راءِ,6140
ٻارن,6136
پوندو,6130
اکيون,6126
ڏکڻ,6126
نھ,6124
مقصد,6111
فتح,6103
شريف,6099
سا,6091
رستي,6081
سماجي,6072
وڌي,6070
ادا,6066
مثال,6062
قومي,6061
هيو,6050
يار,6050
پڇيو,6040
ڊي,6008
ٻولي,6002
بھ,5993
مطابق,5981
دير,5979
عوام,5965
وطن,5949
ويٺو,5941
حاجي,5926
وجود,5926
هليو,5916
پهچي,5908
هميشه,5905
سمجهي,5894
علائقي,5883
عوامي,5879
انگريزي,5872
ڪين,5859
ضروري,5835
بنياد,5833
ڪجي,5826
صبح,5793
سڄو,5781
اتر,5776
ويهي,5770
ڪهڙو,5761
نمبر,5761
روح,5742
بدران,5736
چوندا,5719
اخبار,5716
اڻ,5695
مضمون,5695
ٺاهي,5693
پهتو,5668
نظام,5665
پورو,5658
لکڻ,5648
واپس,5636
فارسي,5625
اڪثر,5624
ڄاڻ,5618
هئڻ,5589
شعر,5564
ڪردار,5558
وٺڻ,5556
عرب,5537
مري,5530
انساني,5519
معني,5510
مسلم,5503
لوڪ,5494
نهايت,5486
تحريڪ,5481
هندو,5475
ويس,5462
نموني,5460
بڻجي,5443
ٿر,5439
پٿر,5438
سج,5428
پڙهڻ,5422
سنڌو,5403
وڻ,5398
اھو,5385
انداز,5383
جنم,5379
ڇاڪاڻ,5366
ناول,5363
صدر,5352
اولاد,5340
اهڙيءَ,5339
لشڪر,5336
ٿورو,5335
شام,5318
هجڻ,5318
نٿي,5317
پنج,5315
ميمبر,5313
تاريخي,5307
تنهنجو,5293
سلسلي,5292
آيل,5291
سگهيو,5268
اوڀر,5265
انڊيا,5264
انهي,5263
ايتري,5263
جيتوڻيڪ,5250
راجا,5247
بيت,5233
ڏنا,5227
هجن,5223
مڙس,5199
ملڻ,5145
فڪر,5144
ملائيشيا,5136
چون,5132
ايندا,5122
نور,5118
چڱو,5114
ڪلام,5107
خاندان,5089
ٺهيل,5085
جيل,5081
ترقي,5066
سلطان,5056
سماج,5047
سنڌيءَ,5043
جسم,5040
باري,5033
سن,5023
چنڊ,5011
مالڪ,5008
قاضي,5003
کائي,4984
احوال,4983
رهن,4978
ثابت,4958
ميل,4944
ڪوبه,4940
ٿوري,4939
سامان,4915
صفحا,4913
مسلمانن,4909
بنا,4890
گڏجي,4883
موٽي,4882
مذهب,4846
روڊ,4841
صاف,4834
قانون,4832
داخل,4825
اديب,4824
مڪمل,4817
سرڪاري,4805
ٽيون,4798
چوي,4786
تنهنڪري,4783
درياهه,4781
ڪنھن,4779
هوا,4774
غريب,4773
عربي,4754
ڏيندو,4736
عظيم,4732
ايندي,4725
سلامت,4722
مراد,4722
حاڪم,4711
احساس,4704
آف,4687
ڏس,4686
آهستي,4683
تحقيق,4676
بابا,4672
لاڙڪاڻي,4666
سگهن,4661
قدر,4660
لفظن,4657
وڏن,4643
ساڳي,4631
ڀري,4630
ڌرتيءَ,4626
عزت,4626
اتان,4575
پوليس,4572
رت,4566
الڳ,4558
ماني,4551
مرد,4530
لطيف,4528
بزرگ,4524
ڏنل,4523
نوجوان,4519
بلوچ,4513
سکر,4513
ويجهو,4508
ڪهاڻي,4503
ڪرائي,4499
ڪار,4491
اُهي,4485
امام,4484
قيمت,4482
پنجاب,4479
ليکڪ,4478
وي,4469
اهميت,4468
سردار,4456
نبي,4456
مهل,4454
سياست,4448
تاج,4432
والد,4421
هُن,4401
پٺيان,4392
پيٽ,4390
چئبو,4382
ميدان,4373
ڪريان,4358
عليه,4352
حالتن,4343
يونيورسٽي,4342
جنرل,4337
شهرن,4332
اردو,4329
خير,4319
هئس,4319
نماز,4317
پروگرام,4306
فن,4305
نيٺ,4304
پڙهي,4301
شڪار,4301
انھن,4278
عورتن,4273
سرڪار,4253
خوبصورت,4249
منهنجا,4230
کائڻ,4228
بهتر,4225
لک,4225
تعلق,4223
پيئي,4214
هتان,4198
عجيب,4194
ڀلي,4193
گيت,4183
اوچتو,4176
روايت,4176
ڳالهين,4171
دوستن,4168
انگريز,4167
مرحوم,4167
خرچ,4165
ڀر,4151
اولهه,4141
آڻي,4139
گهڻا,4132
علمي,4128
ميمڻ,4128
قبول,4122
ورتي,4118
اياز,4116
پئجي,4111
ڀرسان,4109
ايران,4105
هڻي,4090
کانسواءِ,4081
سوچ,4078
هُو,4076
شيون,4074
رسول,4072
ساهه,4064
رياست,4058
حد,4054
گھر,4054
سٺو,4053
فيصلو,4053
ڳولهيو,4051
اٿم,4049
شڪل,4042
حصي,4041
عبدالله,4040
وار,4033
شير,4030
شاگرد,4011
لحاظ,4006
ڪهاڻيون,4001
ذهن,3997
خراب,3989
جبل,3983
خدمت,3975
آفيس,3974
رهندا,3974
نواب,3966
مذهبي,3962
بنيادي,3960
نوڪري,3946
ڏسو,3944
نظم,3938
باهه,3935
سؤ,3934
واهه,3934
قلعي,3933
ڀلا,3929
جهڙا,3927
قتل,3927
هينئر,3924
بار,3920
محنت,3913
ڪناري,3905
چونڊ,3903
عرصي,3903
پاس,3898
کپي,3895
اُتي,3873
درد,3866
هوٽل,3863
هٿن,3851
تعداد,3850
ڏک,3843
يونيورسٽيءَ,3843
پ,3839
خالي,3831
ساڻس,3831
سميت,3821
مشتمل,3821
روز,3813
اڳي,3812
طاقت,3805
بهرحال,3801
ننڊ,3801
سنڌين,3788
محمود,3785
اهڙن,3782
هاءِ,3780
جڏھن,3771
پائي,3761
لائبريري,3760
ڪمري,3759
وجهي,3756
ڏيندي,3753
ماحول,3750
نالا,3747
ڌيان,3739
شهيد,3734
شاعرن,3730
دين,3728
تيئن,3727
موڪليو,3726
ساري,3720
حڪيم,3709
ٻڌائي,3708
في,3704
ساڳئي,3699
پيرن,3694
سائنس,3693
ست,3689
قاسم,3688
آزاديءَ,3684
ڀٽو,3663
پويان,3662
او,3657
بيهي,3655
پنڌ,3651
سڏيو,3651
مسٽر,3648
ملاقات,3646
پروفيسر,3629
اعلي,3628
لڳ,3626
اظهار,3621
وٽان,3618
ڀيرو,3597
سمجهيو,3595
ڏيندا,3592
شين,3592
آڏو,3590
سنگاپور,3584
فلم,3581
دشمن,3580
گڏيل,3578
مرڪز,3578
باغ,3571
روشني,3566
سٺي,3563
واقعي,3561
آندو,3549
رکندڙ,3548
موجوده,3543
ڌار,3540
رستو,3525
انھيءَ,3518
هوم,3513
اکر,3510
ٿيندڙ,3504
پل,3502
چئن,3500
از,3495
پوندي,3495
اسلامي,3493
ڪلاڪ,3493
غلط,3484
جديد,3482
ڏنائين,3480
شروعات,3478
برابر,3461
صلاح,3460
چڱي,3456
غزل,3455
امان,3451
ڪيس,3451
تعالي,3450
خاطر,3438
لهي,3434
مس,3434
منظر,3432
موضوع,3432
ليڪن,3425
ڄائو,3424
تصور,3423
انگ,3422
ماڳ,3422
باوجود,3421
اميد,3419
گذريل,3416
ڇوڪري,3406
ڪنڌ,3393
آسمان,3392
شوق,3392
چوڻي,3390
منزل,3389
ابراهيم,3388
علائقن,3383
ليگ,3381
بيٺو,3377
پراڻي,3375
عقل,3371
م,3363
منھنجي,3344
نڪتو,3340
ويٺل,3338
خواب,3334
فوجي,3334
اڪبر,3333
گذري,3332
رکيل,3328
هلڻ,3327
قدم,3325
سونهن,3321
الطاف,3313
ٻڌڻ,3293
سنه,3293
ماڻھو,3292
تفصيل,3288
ڪيتريون,3280
فرق,3278
چڙهي,3270
علاوه,3270
مکيه,3266
آفيسر,3262
يورپ,3262
ويٺا,3261
آزادي,3249
اک,3248
ساڻ,3247
چوڌاري,3234
واپار,3232
ڀريل,3231
شڪارپور,3222
ڪائنات,3215
کير,3214
ڳالهائڻ,3212
سون,3210
چوندو,3206
آءُ,3204
عالمن,3202
آهيو,3199
اُهو,3197
اڃان,3191
ٻيون,3189
پريس,3184
اجازت,3183
سور,3183
دولت,3182
ھي,3180
نواز,3172
فصل,3171
نسل,3168
ڏين,3162
گهري,3162
ٻيهر,3161
سموري,3160
اعلان,3159
چاهي,3154
رهيون,3153
مواد,3153
نٿا,3153
مينهن,3150
سدائين,3146
ھر,3142
خوشي,3141
رهندڙ,3139
چڪا,3138
شاگردن,3137
فهرست,3135
مختصر,3135
ٺاهڻ,3134
گذاري,3133
سڀئي,3128
ڀيرا,3120
ذاتي,3114
يقين,3114
رهندي,3113
خيرپور,3112
شخصيت,3104
ديوان,3102
ڪرايو,3100
ڏينھن,3095
ن,3093
سيڪريٽري,3091
ڪرڻو,3089
ڇاپو,3082
راڄ,3081
نشان,3080
ڪامياب,3076
قومن,3072
ترتيب,3070
فوٽ,3067
دفعو,3065
وڌو,3065
مولوي,3062
ڌيءَ,3060
ويٺي,3058
ڀڄي,3056
پئسا,3052
ماري,3052
ملن,3050
اٺ,3045
پکي,3045
وات,3042
هونديون,3041
سمجهه,3038
ڪابه,3032
پڪ,3030
واٽ,3028
يوسف,3028
قبر,3027
پار,3022
ايئن,3021
آرام,3020
صوفي,3020
ڪجھ,3019
رپيا,3018
نقصان,3018
کانئس,3013
صديءَ,3011
وڌ,3009
تهذيب,3006
سگهندو,3006
وسيلي,3003
ڏهه,3001
لڳل,3001
محفوظ,3000
ميرن,2998
عملي,2997
بهترين,2989
مارچ,2988
اھا,2983
لاهور,2983
دڪان,2982
ابن,2979
جتان,2979
جهان,2975
ويل,2967
ڪاري,2964
ننڍو,2960
اٽڪل,2955
ظلم,2954
هيٺيان,2954
حساب,2953
فائدو,2946
ڪڇ,2946
گورنر,2938
اٿي,2933
شڪست,2933
سيوهڻ,2929
رخ,2923
صدي,2920
واسطو,2920
ايس,2909
خوشيءَ,2908
ٻڌو,2907
مضبوط,2907
چين,2906
راند,2906
قيد,2906
پيل,2905
کولي,2901
بلڪ,2898
دعا,2897
ڪئٽلاگ,2890
انڪار,2888
ٽائيٽل,2888
راڳ,2885
هئاسين,2882
پهچڻ,2880
سگھي,2879
عورتون,2878
ا,2877
ڪيائون,2871
گاهه,2868
بندر,2865
مٿس,2865
ولد,2859
روشن,2858
اُنهن,2856
روانو,2856
ممڪن,2855
امن,2848
محبوب,2848
مندر,2848
علاج,2845
ڏيو,2842
پارٽيءَ,2837
روپ,2836
گھڻو,2830
صادق,2827
مهراڻ,2826
جوان,2825
ڌرتي,2824
ون,2824
جيترو,2822
نتيجي,2821
اول,2820
انتظار,2819
مل,2819
ڪيم,2817
حافظ,2816
پرين,2809
اعظم,2808
تيز,2805
نوان,2802
شڪ,2798
گذريو,2797
ابو,2790
حملو,2788
سک,2788
سزا,2787
مسئلو,2786
مرڻ,2782
ڀٽي,2770
هيٺان,2764
رکن,2763
ڳالهائي,2760
اڳواڻ,2757
اسٽيشن,2753
ساڳيو,2750
تعمير,2749
چند,2744
لکيا,2744
سمجهڻ,2739
ڀيڻ,2736
اسپتال,2735
ٻڌل,2735
اديبن,2732
ڪريون,2729
تعليمي,2725
هڪدم,2725
ڇپيل,2723
هند,2720
کنيو,2717
اصول,2716
بيٺل,2715
جدوجهد,2715
رھيو,2715
فون,2711
لائق,2701
حضور,2697
مهيني,2695
حيرت,2689
سائيز,2688
سهڻي,2688
بکر,2686
چپ,2685
قبضو,2681
چاهيو,2680
پارٽي,2677
عالمي,2673
رسالي,2670
هيس,2668
رهجي,2659
انقلاب,2658
خيالن,2655
ڪلاس,2652
گرفتار,2650
تخليق,2647
ڇهه,2646
مٽيءَ,2646
ڪنڊ,2645
سنگت,2643
بحث,2640
ڪپڙا,2634
ٺاهيو,2633
مبارڪ,2633
ملڪيت,2633
سلسلو,2630
کاڌي,2629
فيض,2628
ٻانهن,2627
تڪليف,2627
ڪمال,2621
مقام,2621
رام,2615
جماعت,2612
ٽالپر,2609
مصنف,2608
چيني,2604
سين,2604
ڀارت,2601
ڏسندي,2601
غور,2597
ڪوئي,2593
ڀي,2592
کلي,2588
شاهي,2587
خريد,2583
ريڊيو,2580
ڪيئي,2572
آءِ,2570
سوچي,2569
فرض,2566
ڪل,2566
تصوير,2562
قبرستان,2561
علائقو,2558
ڪريم,2552
قدرت,2550
مقابلو,2550
موقعي,2550
تيل,2549
لاهي,2547
واقف,2546
راهه,2543
جيستائين,2542
آڪٽوبر,2540
ايڊيٽر,2539
سيٺ,2539
محترم,2538
دفعي,2537
مغل,2536
ايف,2535
ڇڏيا,2532
ڄاڻي,2528
ڪانهي,2527
وڃ,2526
ماٺ,2525
پڙهيو,2523
اٿئي,2522
چڪي,2520
رواج,2517
ملتان,2516
ٺيڪ,2515
انعام,2513
پيج,2512
ولي,2507
رئيس,2505
واريءَ,2505
ساٿي,2501
مليل,2499
ننڍا,2499
هت,2499
ايمان,2496
خبرون,2495
لڏي,2494
لڳندو,2491
وسلم,2487
مهمان,2485
پور,2483
چانهه,2483
رهائش,2483
کنڊ,2481
السلام,2480
مشڪل,2480
ملندو,2478
سگهان,2473
اھي,2467
سوچيو,2467
سڌو,2466
لا,2459
روم,2457
کاتي,2456
موسم,2456
ننڍڙي,2456
ڀت,2453
وڻن,2453
وڃان,2452
فرزند,2451
ڪاوڙ,2451
شاه,2448
تخت,2445
سير,2445
جانور,2441
پهرئين,2440
هندن,2439
چونڊن,2434
واپاري,2434
فيروز,2432
جهڙن,2427
طريقي,2427
آدم,2426
انسانن,2425
گهرن,2425
هزارين,2425
هئائين,2422
بيحد,2420
ڪشمير,2417
هيا,2416
منجهان,2413
سليمان,2412
جهڙوڪ,2409
ماهر,2409
مئي,2405
نتيجو,2404
وينديون,2402
ٿينديون,2401
واريون,2399
معلومات,2396
اسيمبليءَ,2394
قوت,2392
ھنن,2392
لغاري,2390
ايڏو,2388
مقابلي,2383
هڪٻئي,2380
سطح,2379
قابل,2379
مسافر,2378
مليا,2376
افسوس,2374
حيات,2372
اهڙيون,2371
نفرت,2363
موهن,2359
دهليءَ,2358
هم,2353
کٽي,2351
ڪامريڊ,2351
بلوچستان,2350
عطا,2349
ڇپيو,2346
سڏجي,2346
دڙي,2344
متان,2343
سامونڊي,2340
حيدر,2339
همت,2335
ڪيترو,2334
ماڻھن,2333
آگسٽ,2329
ڀرپور,2326
ڌڻي,2325
اچ,2323
صالح,2321
مجبور,2320
خوف,2319
ثبوت,2317
اندازو,2316
قلم,2315
وراڻيو,2314
لال,2313
حج,2309
ملئي,2308
کڻڻ,2307
قرار,2304
کاڌو,2304
آئين,2303
هاري,2302
بيمار,2300
ڪاٺ,2300
گرم,2300
خواجه,2296
دماغ,2291
گم,2291
راڻي,2290
سيڪشن,2290
صحت,2288
جنهنڪري,2286
جانورن,2285
ٻولين,2283
ڪتب,2281
نيڪ,2278
اشارو,2276
ڊپ,2274
هلندي,2274
آيس,2271
هائوس,2270
ڳوٺن,2268
بنجي,2267
ڪارڻ,2267
تنقيد,2265
رسالو,2263
طبقي,2260
ڇوڪريءَ,2259
ھٿ,2258
انصاف,2254
ڪٿان,2254
فضل,2253
بک,2252
ذوالفقار,2252
بلڪه,2251
لڳائي,2249
هلندو,2249
جام,2247
پيون,2244
اپريل,2243
مرڪزي,2243
بدن,2239
ڊسمبر,2239
عمارت,2233
فطرت,2232
آڻڻ,2227
ترخان,2224
مسئلن,2224
ٻيٽ,2220
فلسفي,2215
پنجن,2213
سڏ,2213
متاثر,2210
درٻار,2208
اخبارن,2205
هوائي,2205
عاشق,2203
پيئڻ,2202
ڪانفرنس,2202
بمبئي,2201
ڄاڻايل,2201
هليا,2201
ڪرائڻ,2200
گهڙي,2199
ساٿ,2198
انجنيئر,2197
ڀيري,2197
دروازي,2197
قبيلي,2194
منجهه,2193
ڏوهه,2191
سدا,2190
ي,2189
عباسي,2188
ڪهاڻين,2188
پتو,2185
رھي,2183
پڌرو,2181
بهار,2179
موقعو,2178
ڪرين,2173
عرض,2171
اداري,2170
ڍنڍ,2170
راز,2170
سمورو,2167
گاڏي,2166
جاني,2161
ساز,2159
صفحن,2159
هٿيار,2152
وارين,2152
ايشيا,2151
سلام,2151
اڪيلو,2150
عربن,2150
لاش,2150
ٻاهران,2149
روحاني,2148
مريد,2148
پريشان,2147
سيڪڙو,2147
ههع,2144
ريلوي,2139
اٿن,2135
ڪمن,2133
هندي,2132
شان,2129
دعوت,2128
بيگم,2125
اهوئي,2124
شراب,2124
ڪورٽ,2121
وچان,2121
بهادر,2118
ڇڏڻ,2118
دفن,2117
پاڙي,2115
سچل,2115
جنگي,2113
سرحد,2107
منظور,2106
خواهش,2105
ابتدائي,2102
حديث,2101
شرط,2101
ٽڪر,2098
نيوز,2098
ڪندس,2096
گھٽ,2096
لئه,2095
شاديءَ,2093
ٽنڊي,2092
جنوري,2091
ڦري,2091
اُها,2090
درجي,2090
ثقافت,2087
بازار,2084
حاضر,2084
ڪهڙا,2084
اسيمبلي,2083
وڏيون,2083
ٿيس,2081
متعلق,2081
ڏيکاري,2080
ڪمزور,2078
ويچار,2078
صوبي,2077
مٽي,2077
آغا,2076
مهينا,2075
سومرو,2074
معصوم,2074
جنت,2073
پيغام,2072
گول,2072
ٺهي,2069
چيف,2066
طريقو,2065
شمار,2063
علامه,2063
ذهني,2061
حل,2057
سارو,2056
حقيقي,2055
ٻيءَ,2054
فرمايو,2054
موڪلي,2054
پوڻ,2053
مقامي,2053
بندرگاهه,2051
جمال,2049
نصيب,2049
جلدي,2047
روپيا,2046
الائي,2045
ڌرم,2044
ڪپڙي,2044
عنوان,2042
پهاڪو,2041
ورهين,2038
ڇپايو,2037
ورتائين,2037
پاسو,2036
امر,2035
نديءَ,2035
برسات,2034
بڻائي,2032
پبليڪيشن,2032
سگهو,2032
بيٺي,2031
اين,2030
تنظيم,2027
چيم,2026
حياتي,2026
ڏنيون,2022
چيس,2019
خاموش,2019
مقبرو,2017
جيون,2016
ادارن,2015
ديس,2015
ضلعو,2015
انتظام,2014
ايڏي,2012
آن,2012
توسان,2012
سئو,2012
پياري,2009
سوين,2009
ڪڍيو,2008
تبديل,2006
ڀاڱي,2005
ناٽڪ,2004
سوار,2003
مصر,2003
جتوئي,2002
پڙهيل,1997
ڊگهي,1990
ابڙو,1988
ويهه,1986
انور,1985
حڪمران,1985
جلال,1983
رکندو,1982
پوندا,1981
چور,1980
موڪل,1976
محل,1975
گهڻن,1973
عبادت,1972
پون,1968
بجاءِ,1967
دم,1967
مڪي,1967
ڀائرن,1964
حصن,1962
ڪجھه,1961
هنڌن,1961
ٻڌ,1959
طبيعت,1956
نومبر,1956
هٿان,1956
کل,1955
لعل,1955
مارڪس,1955
وهي,1952
سمورا,1951
نصير,1951
البت,1948
ڪارو,1947
تقرير,1945
بلند,1941
پڙهو,1939
رسم,1932
معاشري,1931
سيپٽمبر,1930
ميٽر,1930
همراهه,1929
اِهو,1925
ڪڍڻ,1923
چاهيان,1918
ورهاڱي,1918
رپورٽ,1916
وٽس,1915
آثار,1914
عرصو,1914
گوشت,1913
جوش,1912
ڪئپٽن,1912
شريڪ,1910
لنڊن,1910
مهر,1910
حڪمت,1909
مادي,1909
مهينن,1909
هدايت,1908
آبادي,1906
قبضي,1906
رب,1905
ڏجي,1904
ڪيڏو,1903
درويش,1902
ڏانھن,1902
ميرزا,1902
قربان,1900
تعريف,1899
آھيان,1898
عيد,1898
بزرگن,1896
مزار,1896
دلچسپي,1895
ڪانگ,1894
مجموعو,1894
واسطي,1893
شعور,1892
انقلابي,1890
پرائمري,1889
اقتدار,1883
ڇڏيندو,1883
انگريزيءَ,1882
صلي,1882
اوهين,1881
طالب,1879
ڪامل,1879
غم,1876
چئجي,1874
حفاظت,1873
ڪانگريس,1872
ارادو,1870
ڏٺي,1870
عبداللطيف,1870
حياتيءَ,1867
بيماري,1866
سچي,1866
اڄڪلهه,1865
ڀيٽ,1865
نانگ,1865
جپان,1860
ملڪي,1860
درگاهه,1859
سنڌوءَ,1857
پنهنجون,1856
فلسفو,1856
رهيس,1849
سنگهه,1848
کليل,1847
ندي,1846
عزيز,1842
پهريائين,1841
خون,1841
تنھن,1840
ناز,1839
اِن,1837
پيداوار,1837
خاني,1836
دفعا,1832
هلندڙ,1832
وساري,1832
اسماعيل,1828
جولاءِ,1827
صورتحال,1826
پن,1825
ڌڪ,1825
يڪدم,1824
بندوبست,1823
را,1823
فرد,1821
گهوڙي,1820
مدرسي,1818
گجرات,1815
گڏوگڏ,1815
وس,1814
ڪوڙ,1813
ملهه,1813
ڏکيو,1812
بچي,1811
ايراني,1809
تربيت,1809
ڄمار,1807
مناسب,1807
شمس,1806
دڙو,1805
راضي,1804
اخلاق,1802
صدين,1802
ڏيڍ,1800
چڪر,1799
اچو,1798
ق,1795
مائٽن,1794
عدالت,1793
ڪمپنيءَ,1793
مٺي,1791
اڙي,1787
سومرن,1785
امتحان,1782
پوئتي,1779
مڇي,1779
سينگار,1772
ڪرڻي,1771
رقم,1769
بلاول,1767
روايتن,1767
بغاوت,1766
ڳولي,1764
معمولي,1763
ٿورا,1761
جيتري,1760
مائي,1759
قدرتي,1758
مخصوص,1758
آر,1757
آفريڪا,1757
سيٽان,1755
انتهائي,1754
جناح,1754
تازو,1752
قيمتي,1750
لاڳاپيل,1749
وسيع,1749
سرزمين,1748
ملندي,1748
تصوف,1747
وٺندو,1747
آهه,1746
ھا,1744
ڀٽائي,1742
گهراڻي,1740
ساٿين,1739
سيني,1739
ڇڏيائين,1737
ڏياري,1737
شاخ,1737
آيون,1734
انسانيت,1733
راشدي,1733
صفا,1733
تعلقو,1732
هلائڻ,1732
چهري,1731
ڪيتري,1731
بيٺا,1725
ڀريو,1724
روشنيءَ,1724
مٿين,1724
پنهنجيءَ,1720
شھر,1720
هئو,1720
داستان,1719
مائٽ,1716
ميلن,1716
نئن,1715
ثقافتي,1714
مٿو,1714
رد,1712
جڳ,1711
دي,1711
قسمن,1711
مخالف,1711
سگهيا,1710
ڪيترين,1710
ڏٺم,1709
ايڇ,1708
جت,1708
جهلي,1708
حبيب,1706
پنجابي,1705
پهتا,1705
فارسيءَ,1705
چوان,1703
سڀاڻي,1702
نوٽ,1701
پناهه,1700
ڏاڍا,1699
قلعو,1699
هيٺين,1699
ور,1696
وڪيل,1695
جڳهه,1694
آنا,1691
ترقيءَ,1691
خلافت,1691
اڪيڊمي,1689
انٽرويو,1689
ڏسندو,1689
ملاڪا,1689
زنده,1688
پنھنجو,1687
حقن,1686
ڌارين,1686
وزيراعظم,1686
حيران,1684
رستن,1682
بين,1679
دروازو,1679
مجموعي,1674
وڃو,1674
قادر,1673
که,1673
الف,1672
هونئن,1670
تنهنجا,1667
جناب,1667
ڇپائي,1664
گلن,1663
تباهه,1662
تڏھن,1662
جوڙي,1662
چپن,1661
آس,1660
لڳس,1660
تصنيف,1659
سلطنت,1659
هار,1659
الاهي,1658
رکندا,1655
دراصل,1652
سڃاڻپ,1652
نيشنل,1652
ممبئي,1650
ويهڻ,1650
عنايت,1649
ٽئين,1648
ڪائونسل,1647
ميڊيا,1646
واقعو,1646
انڊين,1645
ملائي,1645
ٻج,1644
نياز,1644
ڏسان,1643
گھڻي,1642
پورهيت,1641
چنيسر,1641
جمع,1640
هوڏانهن,1640
نمونو,1639
اختلاف,1637
پيس,1636
سهي,1636
ڪرم,1636
هاشم,1635
ڪيڏي,1634
عثمان,1631
اصلي,1628
اهل,1628
نثر,1627
جعفر,1626
پکڙيل,1625
دريا,1624
معاملن,1624
ٻيلي,1623
سٽ,1622
سوچڻ,1622
نڪرڻ,1622
اهڙين,1620
مغلن,1620
رکندي,1619
سپاهي,1619
ننڍپڻ,1619
افغانستان,1616
ڇڏيندا,1616
وٺ,1616
جهازن,1612
قيام,1612
غازي,1610
ب,1609
سڄڻ,1608
ويندڙ,1608
ڪپڙو,1607
بم,1606
دوا,1604
امين,1602
ڇڏ,1602
عيسي,1601
چوٿون,1600
رشيد,1600
چانڊيو,1599
دهلي,1599
ريل,1599
لقب,1599
جيڪب,1598
عجب,1598
مخالفت,1598
لاکو,1596
حملي,1594
ايوب,1593
پراڻو,1593
گهمڻ,1592
وزن,1589
جبلن,1588
ڪڏھن,1588
چونڊيو,1587
فخر,1587
نون,1587
هيڏانهن,1586
رستا,1585
تري,1584
آل,1583
ڪاروبار,1583
گاديءَ,1583
زمانو,1582
قلمي,1582
سچو,1580
لنگهي,1580
مقبول,1579
پٽن,1578
سگهون,1578
ڳولا,1577
اجلاس,1576
رسالا,1576
عليءَ,1576
گهرائي,1576
ڏسجي,1575
محرم,1575
منجهس,1575
نگر,1575
نامور,1572
ڏهن,1570
اوھان,1569
ٻارهن,1569
پئسو,1569
آمريڪي,1568
بچائڻ,1567
ڪاميابي,1567
ديوار,1564
لڳيون,1564
سگھجي,1562
اڪيلي,1560
پوک,1560
سمن,1559
تر,1558
زميندار,1558
سعيد,1558
ڪمپني,1558
ج,1557
دادو,1556
شينهن,1556
کٽ,1556
ڪنديون,1556
ڪوڙي,1556
مين,1554
واضح,1554
پٽي,1551
ڪچهري,1551
وانگي,1550
وڌڻ,1550
اھڙي,1549
مستقل,1549
پڙهندڙن,1548
ڇوڪرين,1548
کوهه,1547
معاشي,1545
دارا,1544
پورا,1542
گھرجي,1542
مسئلي,1539
ڪلهوڙن,1538
درس,1537
سڪون,1536
اُٿي,1535
پٺاڻ,1535
عهدي,1535
اصولن,1534
حاڪمن,1532
ڏيندڙ,1532
حالتون,1529
رحمت,1529
مزو,1529
ننڍڙو,1529
تحت,1528
ناهن,1528
بنائي,1527
معاملي,1527
رضا,1526
شڪر,1525
ذري,1524
زهر,1524
ڪچي,1523
تحقيقي,1522
سعودي,1522
مارڪيٽ,1522
درياءَ,1521
ابتدا,1519
ھاڻي,1519
سُر,1516
بڻايو,1513
بيبي,1513
جيسين,1512
لاڙ,1512
مرشد,1512
مستقبل,1511
پيارا,1510
چوندي,1510
ديني,1510
هانگ,1510
بنهه,1509
خوب,1509
ورهيه,1509
اميرن,1506
ڀائر,1506
يونٽ,1506
جائزو,1505
ڪلوميٽر,1505
رھيا,1503
روئي,1503
جهنگ,1502
قرض,1500
ظالم,1498
اُٺ,1497
وڃائي,1497
آنلائن,1496
بت,1495
ڀائي,1495
پيپلز,1495
ڏيان,1495
دوستي,1494
ڊگري,1493
معنى,1493
ارغون,1492
ڏٺا,1492
مهرباني,1492
ايئر,1490
سگهڙ,1490
ڪمشنر,1490
بچائي,1489
گهرو,1488
اخلاقي,1487
تنگ,1487
جامع,1487
هلائي,1487
ٻيڙيءَ,1486
پاسن,1485
طوفان,1485
اسانجي,1484
اتفاق,1483
پوئين,1483
ظاهري,1483
پنجاهه,1482
مند,1482
هنر,1481
رهاڪو,1478
واپسي,1478
وير,1478
ھوندو,1477
ھيون,1477
بجي,1476
صوبائي,1475
صحبت,1474
سئنيما,1473
چوٿين,1471
روس,1471
ڀڳت,1470
سهڻو,1470
فيبروري,1468
پهتي,1467
مور,1467
خليفي,1466
رکيا,1466
محدود,1466
بمبئيءَ,1465
ٻول,1465
يادگار,1464
ننڍن,1463
وڌائي,1463
اِها,1462
سڪندر,1460
معيار,1460
پرڏيهي,1459
بيماريءَ,1458
هالا,1458
ترين,1457
چڱيءَ,1456
تبديلي,1455
سڏي,1455
جوڳي,1454
لازمي,1453
اعتبار,1452
برهمڻ,1452
گرمي,1452
ماڻي,1452
الڪرام,1451
پڙهندڙ,1451
ڏند,1451
پکين,1449
ممتاز,1449
سمجھي,1448
پڪو,1447
سمجهان,1447
هِن,1447
نالن,1446
ٽين,1445
سکيا,1445
منصور,1445
ھجي,1445
امداد,1444
قلندر,1444
عرف,1442
نفس,1442
واقع,1442
س,1441
معرفت,1441
ويسٽ,1441
اقبال,1440
تجويز,1439
ما,1439
ماستر,1439
سائنسي,1437
جيڪر,1436
ڇڏيون,1436
مهاڳ,1436
نگار,1436
جيڪڏھن,1435
شاندار,1435
مديني,1435
جيئڻ,1434
ٻڌائڻ,1432
هونءَ,1431
ابڙي,1429
تسليم,1426
مار,1424
اقتصادي,1423
طرز,1422
ساڄي,1420
ٽالپرن,1419
ڇپجي,1419
سياستدان,1418
اڇي,1417
سگهندا,1416
پهريان,1414
قسمت,1413
ڇوڪريون,1412
دلين,1412
فرانس,1411
ڀٽ,1410
هال,1409
مردن,1408
بر,1407
ڀرجي,1404
مارجي,1404
شهري,1402
ر,1401
نرم,1399
ڪاغذ,1397
بنائڻ,1396
وزارت,1396
ملير,1394
وٺندا,1394
ٻيڙي,1393
تعاون,1392
رحم,1392
مرتب,1392
ڳالھ,1391
لطف,1391
مطالعو,1391
احسان,1390
رفتار,1390
درجو,1388
نوڪريءَ,1388
چندر,1387
واحد,1385
فوٽو,1382
قبيلن,1382
نوڪر,1382
ٺهڻ,1381
رڙ,1381
رڻ,1381
ڙي,1380
ڪيان,1379
ٻڌاءِ,1377
قنڌار,1376
ڇڏين,1372
مريض,1372
مقبري,1372
اتحاد,1371
عذاب,1371
سائينءَ,1368
روزانو,1367
لباس,1366
بنايو,1365
سومري,1362
ڪنن,1361
نڪ,1361
بشير,1358
ٺٽوي,1358
ستن,1358
آخوند,1357
ڳائڻ,1357
نيو,1357
ڦل,1356
بخاري,1355
هرگز,1354
ڪپڙن,1353
منٽ,1352
کاٻي,1351
ڊائريڪٽر,1350
موتي,1349
هڻڻ,1349
ڪابل,1348
موٽ,1348
پنهنجين,1347
سمورن,1347
لهڻ,1347
اڀياس,1346
پڇڻ,1346
سسئي,1346
ڪُل,1345
ڪلچر,1345
ماضيءَ,1345
پڪي,1343
احترام,1341
فطري,1341
ڏور,1340
سبق,1340
هئم,1340
نڪتا,1339
گناهه,1337
ڳالهايو,1337
رک,1336
هل,1335
پُٽ,1334
پچ,1332
ڇهن,1332
سڪ,1331
سنگ,1331
جھاز,1328
زرعي,1328
شهزادي,1328
ڀاڱو,1327
ڪيفيت,1326
تيستائين,1325
سليم,1323
ﷺ,1321
وڻي,1321
ري,1320
تارا,1319
دليل,1319
ڊائونلوڊ,1319
يوناني,1319
ڀڳ,1318
گفتگو,1318
محقق,1318
ڪالم,1317
مٿئين,1317
اسحاق,1315
ڏاڏي,1314
مارئي,1314
ڏيکاريو,1313
صوبن,1313
لکن,1313
گروپ,1311
ثاني,1310
مزاج,1310
معاف,1310
ٻاهرين,1309
جاين,1309
سري,1308
مسلسل,1308
نشين,1308
خواهه,1306
ڊرائيور,1304
ڪلهه,1303
شهادت,1302
مڪاني,1299
ڀاڪر,1298
بدلي,1297
دستور,1295
ويب,1295
ڄڻا,1294
وساڻ,1294
ڊگهو,1293
سنڀال,1293
سٺا,1292
تحرير,1291
سچائي,1291
طلب,1291
هجري,1291
وفا,1291
شل,1290
ڪنوار,1289
سام,1288
سنسڪرت,1288
چچ,1287
اوائلي,1286
گورنمينٽ,1286
مصطفي,1285
برداشت,1284
نيڻ,1284
بدين,1283
ڀلو,1283
ٽهڪ,1282
ساڻن,1282
مرض,1282
زمان,1281
لڪي,1281
مالي,1281
زبردست,1280
مٽ,1279
الهه,1278
مٺو,1278
بينظير,1276
سانگي,1276
قد,1276
ڪاهي,1276
مطالعي,1276
هزارن,1276
تار,1275
ڏٺائين,1275
يورپي,1275
اهڃاڻ,1274
ٽيهه,1274
گذارڻ,1273
ڪئين,1271
مغربي,1271
ميمبرن,1271
پوڙهي,1270
فارم,1270
پگهار,1269
اور,1268
ايل,1267
جابلو,1267
ساڳيءَ,1267
آسپاس,1266
برف,1265
سياري,1265
ديوتا,1264
ڪارا,1264
ڪرائون,1264
اصطلاح,1263
سرن,1263
بندي,1262
تفسير,1262
نادر,1262
نامياري,1262
نڪتل,1261
لکندو,1260
گاڏيءَ,1259
لڳن,1259
وڃڻو,1258
زياده,1257
صبر,1257
چورس,1255
ھوندي,1255
ورتل,1254
ڪروڙ,1252
ڳچيءَ,1252
وَ,1252
اڪثريت,1251
انگلينڊ,1251
مشاهدو,1251
وسري,1251
تحفة,1250
گهوٽ,1250
مانيءَ,1250
مفاد,1250
پڇي,1249
مٿن,1248
هوريان,1248
اگر,1246
هفتي,1246
آخرڪار,1245
جملي,1245
عادت,1245
ڪٽنب,1245
ٻاھر,1243
چاڙهي,1242
ز,1238
منھن,1238
بيشڪ,1237
خطاب,1237
خطرو,1237
عڪس,1237
واقعن,1237
پائڻ,1235
منھنجو,1235
ترڪ,1234
ڪارروائي,1234
طاقتور,1233
شروعاتي,1232
نگاهه,1232
تلوار,1230
درست,1230
مارڻ,1230
بڻيو,1228
دلچسپ,1227
ڪلاڪن,1227
پرست,1225
تعارف,1225
جوهر,1225
داد,1225
ڪمائي,1223
ڪيڏانهن,1223
ڏاهپ,1222
رسالن,1222
فاضل,1222
اڳوڻي,1221
لڙائي,1221
قطار,1220
ھوءَ,1220
جذبي,1218
سکي,1218
الاقوامي,1217
تلاش,1217
عبدالرحمان,1217
غريبن,1217
ميڙ,1217
هين,1217
انيڪ,1215
نا,1215
مرضي,1210
جهڙيون,1209
چاهين,1209
پوني,1208
سوا,1208
ڪبو,1208
نسبت,1208
ھتي,1208
هيئن,1207
سگهه,1206
چئو,1205
رمضان,1204
مرڪ,1203
هارين,1202
ماريو,1201
پنهون,1200
سڏيندا,1200
ڪلهوڙي,1199
ھيءُ,1199
اٺن,1198
روئڻ,1198
نمايان,1198
جيئي,1197
اوزار,1196
چوري,1195
صلح,1195
سڌي,1194
ڌيءُ,1193
سوسائٽي,1193
ٽڪيٽ,1192
لوهه,1191
اينديون,1190
قصو,1190
وحدت,1190
ونڊيو,1190
آڌار,1189
بيتن,1189
پارڪ,1187
پهاڪا,1186
مسئلا,1185
آسان,1184
پس,1184
مارشل,1183
ٿهيم,1182
ڏات,1181
اطلاع,1179
قريشي,1179
لاڳو,1179
مئٽرڪ,1179
توکان,1178
روڪي,1178
محروم,1178
ٿڌو,1177
جذبن,1177
نقل,1177
صديق,1176
ڦٽي,1175
آڳاٽي,1174
جسماني,1174
رڪارڊ,1174
ويجھو,1174
ناچ,1172
شرڪت,1171
ڀارتي,1170
شال,1170
محفل,1170
اڏاوت,1169
فڪري,1169
نيويارڪ,1168
ارتقا,1165
ڊيگهه,1165
ڪالهه,1165
منشي,1165
جمهوريت,1164
ڌر,1164
قانوني,1164
ڀاڳ,1162
تنھنجي,1162
دودي,1161
ه,1161
ويڙهه,1160
ماهوار,1159
پئسي,1157
بئنڪ,1156
پليٽ,1155
جھڙي,1155
حميد,1155
نوجوانن,1155
ورتا,1154
خادم,1152
انڊيز,1150
يافته,1150
ايترا,1149
قول,1147
ڪڻڪ,1147
الزام,1146
سڄيءَ,1146
ڪهاڻيڪار,1146
ٺڪر,1145
حڪمرانن,1145
عبدالڪريم,1145
مست,1145
سمجهن,1144
استادن,1143
روزگار,1143
ڪلر,1143
ڳوڙها,1143
نازڪ,1143
اضافو,1140
وٺن,1140
اجايو,1139
اڱڻ,1139
شرح,1139
خطرناڪ,1138
دريءَ,1138
رکيائين,1138
گلاب,1138
آباديءَ,1137
ڇت,1137
زالون,1137
لکين,1137
وڻندڙ,1136
اوطاق,1135
خوراڪ,1135
وڏين,1135
اسڪولن,1134
انجام,1133
سيٽ,1133
هوش,1132
تهه,1131
تياري,1131
رنگين,1131
فني,1131
عليہ,1130
فنا,1129
ڳاڙهي,1129
ڊالر,1128
خشڪ,1125
قرب,1125
ھيٺ,1125
ويندس,1125
ڪارڪن,1124
هان,1124
ووٽ,1124
پنجين,1123
چهرو,1123
خلق,1123
موسيقيءَ,1123
لينڊ,1121
ميلو,1121
اچان,1120
ڀرڻ,1120
وڳي,1119
صلاحيتن,1118
عمرڪوٽ,1118
تارن,1116
تبصرو,1115
ٺهيو,1115
ٿڌي,1115
چيئرمين,1115
ڇڪي,1115
بيوس,1114
ترجمي,1114
روزاني,1114
ڳالھھ,1113
لاڙڪاڻو,1112
ادارو,1111
هائو,1111
وائي,1111
ڌڻيءَ,1109
مسڪين,1109
يونين,1107
وياسين,1105
پهاڪن,1104
زيارت,1104
گهڻيون,1104
چي,1103
اندران,1102
تير,1102
شهباز,1102
لڪل,1102
ٻاري,1100
ضمير,1100
ڏيهه,1099
ايجاد,1098
ڪهاڻيءَ,1098
ماهرن,1098
صنف,1097
موسي,1097
ملندا,1095
نوابشاهه,1095
فيصلي,1094
شعبي,1093
پهلوان,1092
نڪي,1092
لڳندي,1091
مشغول,1090
حمايت,1089
برقرار,1088
خطن,1088
چاليهه,1087
لائين,1087
دائود,1086
سهڻا,1086
عظمت,1086
گهوڙا,1086
لهجي,1086
مُنهن,1086
اکرن,1085
سانوڻ,1085
سگهندي,1084
داس,1083
رکو,1083
الحق,1082
پوڄا,1081
واقعا,1081
ورائي,1081
اشاعت,1080
آھين,1080
جپاني,1080
دلبر,1079
اڍائي,1076
باني,1076
مقدس,1076
هندستاني,1076
ويزا,1075
ٽنڊو,1074
سمهي,1074
ميڊيڪل,1074
نڪور,1074
ادارا,1073
ابا,1070
مڃي,1070
ويچاري,1070
پٿرن,1069
جذبو,1069
خدمتون,1069
قيامت,1069
لوڻ,1069
نظرن,1069
جايون,1068
شخصيتن,1067
الا,1066
رائج,1066
رس,1066
لڪ,1066
نڪتي,1066
والي,1066
لساني,1064
پريم,1063
ڊپٽي,1063
ڏاهر,1063
ذريعو,1063
ڦاسي,1063
ڪتي,1063
وفاق,1063
عباس,1062
ليڪچر,1062
نامه,1062
نيڻن,1062
ايڪڙ,1060
ڪپ,1060
لکت,1060
ڏينداسين,1059
گولي,1059
انڪري,1058
عبيدالله,1058
اعتماد,1057
اليڪشن,1057
حرڪت,1057
ليڊر,1055
جنس,1054
فوت,1054
نوح,1054
رحيم,1053
شهنشاهه,1053
تيسين,1052
جوڙجڪ,1052
عبدالمجيد,1052
گذر,1050
اوارڊ,1049
ڪلين,1048
بحر,1047
جيئرو,1047
فرمائي,1047
ڪجھھ,1047
مهلت,1047
ھڪڙي,1047
توھان,1046
ستين,1046
لاچار,1045
نامو,1045
نڪرندو,1044
جاڳي,1043
بيمارين,1042
ڪاميابيءَ,1042
ڪائي,1041
گهرجن,1041
مظهر,1041
ويران,1041
مجلس,1040
زخمي,1039
قادري,1038
قيدي,1038
ڳائي,1038
ٽيبل,1037
تڪڙو,1036
عبيد,1036
حرام,1035
عملدار,1035
سنڀالي,1034
گهران,1034
ڄاڻو,1033
چيل,1033
سمجهو,1033
شرم,1033
سردارن,1032
قليچ,1032
نهاريو,1032
مثل,1031
زوال,1030
کوٽ,1030
لياقت,1030
باز,1029
ٺٽو,1029
ڏسندا,1029
لڳاتار,1029
جوانيءَ,1028
چاچي,1025
ڳچ,1025
مشتاق,1025
رياستن,1024
نصيحت,1024
بروهي,1023
زالن,1022
مهينو,1022
رند,1021
سرانجام,1021
تڙ,1019
قبرون,1019
مفت,1019
نشاني,1019
وڏيري,1019
حفيظ,1018
دانهن,1018
ڊيمي,1017
مڙني,1017
آيت,1016
سگريٽ,1016
ڪٿا,1016
نينهن,1016
ڏکن,1015
رهنمائي,1015
هرهڪ,1015
واسطا,1015
وڌائڻ,1015
ويتر,1015
شهرت,1014
لڳڻ,1014
بدلجي,1013
روانا,1013
صديقي,1013
ولايت,1013
ڌنڌو,1012
فقيرن,1012
هلڪي,1012
سينگاري,1011
مجيد,1011
پهچائڻ,1010
ت,1010
سپاهين,1010
ملوث,1010
هندوستان,1010
کانئن,1009
ولادت,1009
بدلائي,1008
پندرهن,1008
پوريءَ,1008
مهيا,1007
برطانوي,1006
جمالي,1006
جوڙ,1006
دانشور,1006
وک,1006
جج,1005
ڏهين,1005
سمايل,1005
ورهائي,1005
سوانح,1004
ڪرنل,1004
بچاءَ,1003
سائي,1003
شاھھ,1003
ٻوڏ,1002
نائب,1002
نسيم,1002
با,1001
پهچائي,1001
تخلص,1001
چوٽيءَ,1001
عيسوي,1001
فٽ,1001
ڪلب,1001
لکيائين,1001
نام,1001
گذرڻ,1000
مصيبت,1000
معنيٰ,999
هارون,999
بڻائڻ,998
سندي,998
سينٽر,998
گوڙ,998
هيڏي,998
آڱر,997
عراق,997
قانع,997
تصويرون,996
زراعت,996
سار,996
پني,995
غربت,995
مسافرن,995
نروار,995
وضاحت,995
خدمتن,994
صفحي,994
چڱا,993
ديبل,993
وٺندي,992
اشرف,991
سمجھيو,991
قومون,991
هرڪو,990
ترخانن,989
خورشيد,989
وڊيو,989
پڙهندو,988
لائبريرين,988
آمد,987
ٽوپي,987
ٽوڙي,987
رستم,987
گڏهه,987
امڪان,986
ڀُٽي,986
پوسٽ,986
ناڪام,986
بچايو,985
ڄار,985
نار,985
ٻيڙين,984
شيطان,984
ناھي,984
وڌندو,984
است,983
بادشاهن,983
ترڪي,982
داخلا,982
ھيءَ,982
گذريا,981
نسخو,981
پو,980
جمعي,980
خاڪ,980
فنڪار,980
ڪون,980
وڌيو,980
انٽرنيشنل,979
آثارن,979
زبانن,978
گهربل,978
منع,978
ميران,978
سرگرم,977
تعالى,976
جھڙو,976
جيءَ,976
سکن,976
سنت,976
نياڻي,976
ٻائي,975
سٺ,975
سجاد,975
لڳايو,975
ننڍيون,975
ڀلائي,974
پڇ,974
ٺهرائي,974
ٽيم,974
سول,974
صحافي,974
موٽڻ,974
پاسپورٽ,973
ڄاڻايو,973
رهيل,973
واڌ,973
چڪ,972
انصاري,971
پورهيو,971
معافي,971
برج,969
بلوچن,969
جرمن,969
عيوض,968
ٽڪرا,967
عبد,967
وڏيءَ,967
دبئي,966
صفائي,966
پيارو,965
چاهه,965
ڇوڙ,965
ميلي,965
اُتر,964
انتظامي,964
هيٺيون,964
تفصيلي,963
کلڻ,963
طريقا,962
مقدار,962
هُئي,962
روايتي,961
سٿ,961
اوندهه,960
عربيءَ,960
اڇو,959
لالچ,959
آچر,958
يارڊ,958
کوڙ,955
بنگال,953
بني,953
پھرين,953
پتي,952
پريان,952
نيون,952
عهد,951
اسڪاٽ,950
عيسويءَ,950
ميرپورخاص,950
وجهڻ,950
کيسي,949
بيڪار,948
کائيندو,948
جاگير,947
طئي,947
ڪميشن,946
تخليقي,945
جيت,945
سئيپ,945
صدارت,945
نامي,945
آندي,944
مرضيءَ,944
گهڙيءَ,943
گهوڙن,942
تجربي,941
حسام,941
آصف,940
سومرا,940
گهٽيءَ,940
هوشيار,940
مزدور,939
آفيسرن,938
واڌارو,938
ايئرپورٽ,937
پراڻا,937
ٺاهه,937
بغداد,936
پارسي,936
جِي,936
چٽ,936
ڊيءَ,936
علائقا,936
ڪوالالمپور,936
بقا,934
پهچايو,934
سالار,934
محترمه,934
جتن,933
سڏين,932
کسي,932
اعتراض,931
ڏنائون,931
سئيڊن,931
شاهد,930
واءُ,930
انتها,929
طبقاتي,929
فرينچ,929
مصروف,928
نو,928
اسٽيج,927
دودو,927
ساڳيا,927
فائدي,927
اڳواڻن,926
الرحمان,926
حصا,926
کلندي,926
آمريڪن,925
شڪايت,925
عاقل,924
گهڻائي,924
ويهن,924
اٺين,923
اگهه,923
دائري,923
ڪافر,923
مضمونن,923
بچاءُ,922
ٻوٽي,922
جئن,922
دار,922
زرداري,922
صنعت,922
وهڪري,922
ڇڏيندي,921
لڪائي,921
هلڪو,921
ٻڏي,920
ايوارڊ,919
جويي,919
ملاح,919
تعلقات,918
دوستيءَ,918
سگهجن,918
وڙهڻ,918
ويساهه,918
ٿورن,917
سڃاڻي,917
غوث,917
مٿيون,917
وجھي,917
خليل,915
اردوءَ,914
اناج,914
پراڻن,914
عيسائي,914
مشين,914
منصوره,914
امڙ,913
پنجون,913
ڪوششون,913
ميجر,913
آب,912
نقش,912
ڏيندس,911
سارا,910
سگهيس,910
سڳورن,909
ڪرشن,909
نويس,909
غلطي,907
ڳولڻ,907
هيڊ,907
تامل,906
رنگن,906
سگھيو,906
شاھ,906
هري,905
بود,904
سورة,904
ڀل,903
ٽارگيٽ,903
حدن,903
صلاحيت,903
نيت,903
اختر,902
زندهه,902
اڳواٽ,901
ڪپهه,900
ميربحر,900
احتجاج,899
گروهه,899
ماضي,899
نهاري,899
پڙهائي,898
پيدائش,898
راحت,898
حقيقتن,897
طبقو,897
هلندا,897
ٿيڻو,896
ٽِن,896
اهائي,895
ڀنڀور,895
پڇيائين,895
ڪاڻ,895
ليکڪن,894
نانءُ,894
هنيو,894
آرمي,893
پڳ,893
سروس,893
کا,892
کوليو,892
موضوعن,892
وسي,892
ادي,891
پڇا,891
طب,891
ڪچو,891
دلي,889
سفيد,889
ڪميٽيءَ,889
يو,889
طريقن,888
عبدالقادر,887
ليکڪَ,887
ڏيکارڻ,886
ڌرين,886
همايون,886
فضا,885
ڄمڻ,884
چادر,884
چارلس,884
اڏي,883
پبلشرَ,883
پرينءَ,883
سڏبو,883
هاڻوڪي,882
ل,881
منظم,881
پرواهه,880
جيئري,880
مٺا,880
نثار,879
پرنٽنگ,878
تيزيءَ,878
دعوي,878
تنوير,877
جيترا,877
سادي,877
علمن,877
کائيندا,877
کُليو,876
ڪاهه,876
مفادن,876
مولا,876
پبلڪ,875
مڪان,875
ڪتابي,874
ڪنارن,874
ملا,874
آسماني,873
برباد,873
بوٽ,873
رسي,872
مومل,872
ناممڪن,872
ننگر,872
واه,872
بجلي,871
دادوءَ,871
ارادي,870
خالد,870
منجهن,870
ٽپي,869
خوشبوءِ,869
رسمن,869
وابسته,869
آتم,868
جارج,868
رڙيون,868
سرور,868
عالمگير,868
پڇاڙيءَ,867
جڙيل,867
غلاميءَ,867
معاملو,867
موسيقي,867
ارغونن,866
محب,866
ايڊيشن,865
پرائي,865
پھاڪو,865
سڙي,865
ڪميونسٽ,864
اڀري,863
تاثر,863
ڪنداسين,863
اس,862
آهر,862
رانديون,862
نظريي,862
وٺو,862
جملو,861
شريعت,861
بنگلاديش,860
تا,860
ڪوششن,860
وڪڻي,860
اڀرندي,859
حملن,859
ستر,859
سگھن,858
ڳڙهه,858
وهڪرو,858
اُنهيءَ,857
چڙهڻ,857
ورثي,857
خانو,856
غائب,856
ماڻڪ,856
مڇيءَ,856
ناري,856
انت,855
بنگالي,855
جمهوري,855
موٽيو,855
وارث,855
چئني,854
ديري,854
شوڪت,854
فلاڻي,854
قنبر,854
ڪارڊ,854
مک,854
باقاعدي,853
پنهور,853
پيتي,853
ڇٽي,853
ساگر,853
قتلن,853
گهرايو,853
يعقوب,853
آندا,852
خليفو,852
سندو,852
ڪلهي,852
ڪھڙي,852
تصديق,851
ٿرپارڪر,851
ڇهين,851
سخي,851
صحافت,851
ڀريا,850
ديوي,850
اوترو,849
ڊراما,849
گادي,849
موٽر,849
چانديءَ,848
خسرو,848
سمجهندا,848
ساڌو,847
اداس,846
چمڙي,846
ڊوڙي,846
شجاع,846
ڪرسيءَ,846
لڳندا,846
پئسن,845
خالق,845
لٿو,845
مشھور,845
ملازم,845
وڙهي,845
بقول,844
سنڌونديءَ,844
ڪندڙن,844
راس,843
طبع,843
فونٽ,843
ھوس,843
شخصي,842
مارو,842
خزانو,841
غالب,841
ڦر,840
ٿلهي,839
هلن,839
الحال,838
ڪاپي,838
مڃڻ,838
اھڙو,837
مشقون,837
اسسٽنٽ,836
ميز,836
جويو,835
گمان,835
مهارت,835
قمر,834
لئي,834
تعجب,833
سولو,833
طبي,833
مهم,833
پڙ,832
ٺھيل,832
سڱ,832
عبرت,832
لڙڪ,832
محض,832
پنن,831
ديدار,831
سربراهه,831
ڇوڪرن,830
تمدن,829
هاسٽل,829
استعيفائون,828
لانڊرنگ,828
مني,828
اندروني,827
جشن,827
ڳاڙهو,827
ڀڃي,826
عروج,826
حب,825
خاصخيلي,825
خاڪا,825
رحه,825
سِر,825
قرباني,824
ملازمت,824
هوند,824
تبليغ,823
زمينون,823
شور,823
محراب,823
بچڻ,822
خاموشي,822
درخواست,822
سمجهندو,822
شورو,822
ورهايل,822
اڇا,821
جرمنيءَ,821
ني,821
دعائون,820
سمهڻ,820
ڪارنر,820
ڪڪر,819
مخلوق,819
مصري,819
ٽڪري,818
سلوڪ,818
انٽر,817
منسوب,817
مهاجر,817
انسٽيٽيوٽ,816
ٻنھي,816
دادا,816
سرگرمين,816
سڪي,816
ٻيڙيون,815
پابندي,815
سڌ,815
ننڍڙا,815
اڳئين,814
پتڻ,814
رويو,814
چنا,813
ڏسن,813
ڪارن,813
ڳري,813
واشنگٽن,813
ايراضيءَ,812
آغاز,812
ٻچا,812
ڇڏيان,812
خوشبو,812
خيبرپختون,812
غار,812
ڪليڪٽر,812
حضورﷺ,811
لائي,811
جهانگير,810
شيدي,810
فساد,810
مڃتا,810
آئيني,809
جوڻيجو,809
سکيو,809
هلان,809
گهوڙو,808
پهر,807
فلمن,807
ماتا,807
همعصر,807
انتخاب,806
اينڊ,806
بلڊنگ,806
چاڪر,806
ڪهڙيون,806
گنبذ,806
مذهبن,806
پاٽ,805
پوين,805
ڇوڪرا,805
روهڙي,805
ٻيئي,804
ساراهه,804
نظريو,804
نڪو,804
بحال,803
پلي,803
شاهڪار,803
صاحبن,803
عقيدي,803
ڪلڪتي,803
والا,803
پڙهائڻ,802
تازي,802
ديو,802
ماسي,802
چاچا,801
شد,801
ويڙهي,801
الهندي,800
چيئرمئن,800
ڪمپيوٽر,800
مي,800
ميلاپ,800
نما,800
برصغير,799
تذڪره,799
موڙي,799
اعلى,798
حوالو,798
اجاڳر,797
تجربو,797
چٽي,797
ڇوڪرو,797
مڙيئي,797
مليون,797
منٽن,797
پذير,796
تال,796
چيومانس,796
ڪتو,796
پٺتي,795
تنقيدي,795
ڏاڍ,795
ڏيڻو,795
محلات,795
مڃيو,794
ميرپور,794
وائيس,794
هلو,792
روسي,791
فريد,791
اعزاز,790
بد,790
برطانيا,790
اعليٰ,789
ٺاهيا,789
ڇاپي,788
روڪڻ,788
سينٽ,788
ڪ,788
ويچارو,788
سڃاتو,787
ڦيرائي,787
ڳالھيون,787
سيال,786
مئل,786
اخوت,785
برڪت,785
تاليف,785
د,785
ٿيان,784
شخصيتون,784
اصلاح,783
انچ,783
آھيون,783
ڌن,783
زير,783
بل,782
دروازا,782
بلا,781
ٻري,781
خطي,781
قطب,781
گس,781
پيغمبر,780
چڙهيو,780
نوعيت,780
هون,780
هيرو,780
وڪالت,780
ابتڙ,779
آڱرين,779
پاڙ,779
جائز,779
ڪبي,779
ڪڪڙ,779
پکيءَ,778
خيالي,778
ڏاڏو,778
ھلي,778
منور,777
انگلنڊ,776
ٻڌائيندو,776
فرمان,776
بچيل,775
ليکي,775
ڏهاڪي,774
خاتمو,773
ڦرڻ,773
لکان,773
مدرسو,773
ايراضي,772
پوڙهو,772
خيرات,772
عيب,772
عين,772
قيدين,772
ڪردارن,772
ٽنهي,771
ڏسون,771
باغي,770
بلبل,770
ٽائون,770
حامد,770
ڪميٽي,770
ڪوهه,770
بيزار,769
سگهين,769
حامي,768
حمل,768
ڪنڊن,768
مڪران,768
ميري,768
ويجهي,768
بوڪ,767
ٽائيم,767
قابو,767
متن,767
اقرار,766
خوابن,766
صفت,766
طبقن,766
مثنوي,766
بابو,765
پورهئي,765
تڪميل,765
ڏيارڻ,765
لٺ,765
ماپ,765
مثالي,765
نتيجا,765
نڪاح,765
وڃون,765
بازي,764
ڀرت,764
چيلهه,764
مقصدن,764
اڄوڪي,763
آفتاب,763
بخشي,763
زيور,763
اجائي,762
اڳين,762
راتيون,762
ڪارڪنن,762
مائل,762
ٻني,761
خالص,761
سستي,761
سمي,761
هفتيوار,761
والدين,761
بدر,760
پکڙجي,760
توهين,760
جليل,760
مقالا,760
اعجاز,759
احساسن,758
ٻانهون,758
ٿڪجي,758
عارف,758
گهٽجي,758
بنگلي,757
سرفراز,757
سنئون,757
پشاور,756
سارنگ,756
ناراض,756
ڇاتيءَ,755
ڪمرو,755
تنھنڪري,754
نجات,754
سنسار,753
ٻوليون,752
ڏيک,752
روايتون,752
ڦاڪ,752
مفاصلي,752
ڀٽائيءَ,751
ذهين,751
پا,750
ڊپارٽمينٽ,750
ڊيوٽي,749
ڪلو,749
لياري,749
مرڪي,749
مظلوم,749
اسانکي,748
قدمن,748
ڪونھ,748
مايوس,748
انب,747
ڀڳو,747
پهاڪي,747
تيرٿ,747
منڊل,747
وڌندي,747
ابي,746
پڙهيا,746
عبدالرحيم,746
قدرن,746
ڳجهارت,746
ھوندا,746
پارڪر,745
ترسي,745
چيائون,745
قبرن,745
ورق,745
پرڳڻي,744
جواني,744
مفهوم,744
ٻارڙن,743
راڻيءَ,743
ڪندين,743
اُتان,742
ٽڪريءَ,742
فورس,742
عيش,741
مرمت,741
ھنڌ,741
ديسي,740
شاهوڪار,740
لغات,740
ٿاڻي,739
چريو,739
خطري,739
ريشمي,739
خانه,738
زينت,738
ضد,738
گلاس,738
ماڻھوءَ,738
ٻوٽن,737
ربيع,737
سادو,737
ڀڄڻ,736
چيا,736
سوشل,736
عقيدت,736
مغرب,736
نعمت,736
نيم,736
اخبارون,735
منجهند,735
ناس,735
مَ,734
ماڳن,734
خميس,733
سکڻ,733
اطمينان,732
رشتو,732
ساڍا,732
ملوڪ,732
ويڪر,732
افضل,731
غيرت,731
آڪاش,730
بندوق,730
پاڙو,730
تذڪرو,730
جمن,730
مهربان,730
چانور,729
سوسائٽيءَ,729
عمارتون,729
چوڌري,728
گهٽي,728
مسز,728
مليس,728
اجتماعي,727
پهتس,727
خانداني,727
مددگار,727
انجڻ,726
سوچيندو,726
قانونن,726
دائمي,725
شاھه,725
ڪک,725
هئين,725
ھڪڙو,725
اروڙ,724
انجنيئرنگ,724
چرپر,724
ڏڪار,724
سرد,724
ضلعن,724
لهر,724
مترجم,724
سرمست,723
سگهڙن,723
شرجيل,723
فرش,723
ملين,723
موڙ,723
الاسلام,722
آسانيءَ,722
ڍل,722
مريدن,722
نصرپور,722
نياپو,722
بادشاهي,721
پيپر,721
ٽٽي,721
ڊرامي,721
پرويز,720
پھريون,720
مکڻ,720
نر,720
خوشحال,719
دوزخ,719
ذوق,719
راشد,719
شرف,719
عبارت,719
ڀاڻ,718
تڪڙ,718
رواني,718
خزاني,717
ڌنڌي,717
عاليشان,717
گيٽ,717
معياري,717
هٽي,717
اڙدو,716
چارڻ,716
رهنديون,716
متعارف,716
نشي,716
ارشاد,715
افغان,715
پوريون,715
تحفظ,715
ضايع,715
تشدد,714
جاويد,714
ديرو,714
سيف,714
طارق,714
قصا,714
سوالن,713
سجاڳ,712
مدار,712
موري,712
وٽن,712
وڌايو,712
گرميءَ,711
لڙائيءَ,711
ڀروسو,710
رواجي,710
ڦاٽي,710
نقشو,710
بيوقوف,709
توجهه,709
ڏاڙهي,709
شيشي,709
جادو,708
گنج,708
ڳايو,708
محسن,708
پھچي,707
چو,706
عطر,706
علامت,706
گهمي,706
ناهيان,706
وارڊ,706
بخار,705
سانت,705
ڪبير,705
گجراتي,705
حلال,704
رپين,704
لغت,704
منتقل,704
وڄائي,704
ٻھ,703
زباني,703
عابد,703
عبدالعزيز,703
بابر,702
بجار,702
پيڙا,702
ڏاڪڻ,702
مٺيون,702
مخاطب,702
سوڀ,701
قوتن,701
لارڊ,701
محاذ,701
اسرار,700
ٺهرايو,700
حُسن,700
دست,700
سفرناما,700
سيرت,700
فاني,700
گهريو,700
مهاشيه,700
وجهه,700
پسي,699
ٿائلنڊ,699
ٿڪ,699
کڏ,699
منعقد,699
وٺان,699
اونداهي,698
ساقي,698
وندر,698
پڙهندا,697
ٽولي,697
گهٽين,697
ٻوڙ,696
دڪانن,696
ڏجن,696
فرقي,696
بال,695
دهشتگردي,695
قريب,695
ڪمي,695
هلچل,695
سازش,694
ڪوهستان,694
وڇوڙي,694
ٻچن,693
جنسي,693
دانهون,693
ڌوڙ,693
عمران,693
ڪرسي,693
نج,693
پوٽو,692
دخل,692
رومال,692
ڪنٽرول,692
مسيح,692
هئاسون,692
وسيلن,692
ٻارڻ,691
ٻارهين,691
خانبهادر,691
رهان,691
ستار,691
گوتم,691
لکڻين,691
ملندڙ,691
موڪليا,691
آپريشن,690
ٻڌائين,690
ٻولهه,690
ڍير,690
گھڻا,690
ورهايو,690
گاڏين,689
مظاهرو,689
اٿيو,688
جل,688
فيصلا,688
هوٽلن,688
ھيس,688
چاهت,687
چٽو,687
لاهڻ,687
مڪليءَ,687
ويھي,687
منظوم,686
هنج,686
رڪن,685
ڀڳوان,684
سامي,684
سوز,684
چونڊي,683
خنجر,683
ڪرڻا,683
ڳالهائيندي,683
اجهو,682
ٻڌايائين,682
سورج,682
قبيلا,682
اوڏانهن,681
ڀڳل,681
سامراج,681
مڪلي,681
اِهي,680
آرٽ,680
ترار,680
جذباتي,680
سٽون,680
موڪليائين,680
ھاڻ,680
اٿائين,679
ٻهراڙيءَ,679
ترت,679
خانگي,679
وڃين,679
يونان,679
ڀتين,678
روهڙيءَ,678
شيءَ,678
قلمبند,678
گڏي,678
هٿيارن,678
واقفيت,678
شاهنواز,677
شخصيات,677
کاري,677
پردي,676
جاگرافي,676
جذبا,676
ڇوته,676
ڏيون,676
ڪئمپ,676
منهنجون,676
اوسر,675
اينجلس,675
رهاڻ,675
قم,675
ڪرايا,675
ڪئنال,675
لڳائڻ,675
نعرو,675
هڪڙا,675
فاصلي,674
اوج,673
بندش,673
سفرنامو,673
گهرج,673
وفاقي,673
اچيو,672
ٻاراڻو,672
ٽئڪسي,672
جهنگلي,672
گرو,672
مشرقي,672
موڪلائي,672
نظارو,672
واسين,672
چڙهيل,671
حرف,671
حڪومتي,671
کوٽائي,671
واپارين,671
وڏيرو,671
حالات,670
سينٽرل,670
ڪاڏي,670
اٿڻ,669
پوشاڪ,669
ڄائي,669
دادن,669
رح,669
شئي,668
ڪتبو,668
لاشاري,668
موٽائي,668
ايسٽ,667
جنگين,667
زخم,667
قاتل,667
ميٽ,667
دشمنن,666
سٽي,666
سوڍل,666
ڪچهريءَ,666
نوشهري,666
هُوءَ,666
آڱريون,665
سحر,665
هجرت,665
جواهر,664
خواهشن,664
سموريون,664
گر,664
نجم,664
اوچو,663
ٺهراءُ,663
سمجھڻ,663
سياستدانن,663
لاڳاپو,663
ڏٺل,662
لنگهه,662
ممبئيءَ,662
ميوو,662
پڪڙي,661
مبتلا,661
وهڻ,661
ارباب,660
اشاري,660
ڪجن,660
گويا,660
معروف,660
دان,659
سيڪنڊ,659
بهرام,658
ٺاهيل,658
ناصر,658
سورن,657
عمارتن,657
نظرين,657
واعدو,657
اونهاري,656
بڪ,656
پوکي,656
سببان,656
عملدارن,656
ڪنول,656
معصومي,656
منهنجن,656
موڪلڻ,656
ننڍين,656
پردو,655
پرستي,655
قابليت,655
وڄائڻ,655
جيوت,654
خارج,654
خبردار,654
سنگيت,654
ٻوٽو,653
مادري,653
ماڙ,653
تجربن,652
ذخيرو,652
ظفر,652
ماڻڻ,652
مزدورن,652
ابوبڪر,651
اعتراف,651
بئراج,651
پڙهندي,651
تباهي,651
چري,651
دڪاندار,651
سانگهڙ,651
سب,651
سگهبو,651
صوبيدار,651
ڦاڙي,651
جميل,650
جيلاني,650
دو,650
طويل,650
مفيد,650
ٽيڪ,649
ڇڏائي,649
خاتمي,649
دستاويز,649
شمع,649
شناسي,649
نسب,649
جين,648
حاصلات,648
گُل,648
هيم,648
اسپيشل,647
فرسٽ,647
ويد,647
چوڏهن,646
ذرو,646
سوير,646
طاهر,646
عادل,646
ڪوٽڙي,646
اسرائيل,645
ٻرڙو,645
حادثي,645
سهڪار,645
ڳالھه,645
ڳنڍيل,645
رباني,644
رهو,644
سببن,644
ڪلارڪ,644
مت,644
مقبوليت,644
وڪڻڻ,644
ثواب,643
جاکوڙ,643
دکن,643
ڪجو,643
ڪورس,643
ماٿريءَ,643
والده,643
وهندڙ,643
انجمن,642
پهتاسين,642
پهلو,642
ڪوري,642
نذير,642
بخت,641
پڇيس,641
پرنسپال,641
ٽڪي,641
جذبات,641
جوڳو,641
سفير,641
طبيب,641
هروڀرو,641
نائين,640
سخن,639
شوقين,639
کنيا,639
مانس,639
ٽنگ,638
جند,638
جيءُ,638
دا,638
ڏکي,638
رٿ,638
سماچار,638
لاکي,638
محتاج,638
حملا,637
دک,637
روزي,637
سراج,637
مٽائي,637
انڊونيشيا,636
ايڊيٽوريل,636
ڄاتو,636
رسمون,636
عبدالواحد,636
لوهي,636
هلون,636
اميدوار,635
تدريس,635
جهڪي,635
جوڙيو,635
شر,635
گوبند,635
لاڳاپا,635
هوائن,635
تکو,634
ڏوڪڙ,634
سواري,634
ظاھر,634
ڦٽو,634
قلات,634
بيهڪ,633
حدون,633
سامھون,633
فوجن,633
ڇڏيائون,632
قبيلو,632
ملان,632
ايجنٽ,631
زمينن,631
ڪنور,631
ناياب,631
نيڪي,631
چڪيون,630
حجاج,630
ديوتائن,630
عدم,630
ٻُڌي,629
پائين,629
توتي,629
قائل,629
الاول,628
ايشور,628
سنڌسلامت,628
ڪلهن,628
گدڙ,628
مطمئن,628
موقعن,628
جگر,627
خواه,627
شوبز,627
صدقي,627
ڪرايائين,627
نقاد,627
نڪرن,627
آه,626
پيرين,626
چونڊيل,626
سهارو,626
هستي,626
وفادار,626
اباڻي,625
بيهڻ,625
جاچ,625
جاگرافيائي,625
حڪومتن,625
رهبر,625
هاٿي,625
وزيرن,625
خاموشيءَ,624
ڳڻتي,624
ماس,624
تغلق,623
عارضي,623
قلب,623
وفد,623
پوٽي,622
رٽائر,622
سرشتي,622
مظفر,622
وئين,622
اوچي,621
ڌاتو,621
سفارش,621
ڪوٺي,621
وادي,621
انڌو,620
جسٽس,620
دوري,620
ڊوڙ,620
رعيت,620
سجاول,620
کليو,620
ڪونھي,620
گوهر,620
دال,619
سوڌو,619
سوشلزم,619
داغ,618
رٿا,618
قصي,618
ڳالهائيندو,618
نيپئر,618
ٿري,617
ٽامي,617
صوفين,617
طبعي,617
ڪشش,617
گاڏيون,617
گيشا,617
چوٽي,616
روپين,616
ڪافيون,616
وايون,616
ول,616
ڄاڻان,615
ريگستان,615
موتين,615
ويهين,615
ح,614
ضرورتن,614
کائين,614
محلي,614
وقتن,614
ردا,613
سيتا,613
فوٽن,613
معين,613
ترميم,612
ٽپ,612
ليلي,612
ٻڌايان,611
چڻنگ,611
سڪل,611
شديد,611
کوسو,611
ڪلوميٽرن,611
متحده,611
هرڻ,611
آخرت,610
ڊگها,610
عنصر,610
آسرو,609
شدت,609
ڀاڱن,608
چوڻيون,608
رهاڪن,608
سوٽ,608
ڦرلٽ,608
ڪمانڊر,608
وهم,608
پرستيءَ,607
ڇپائيندڙ,607
سائو,607
کائيندي,607
ڪرڪيٽ,607
تيمور,606
زوريءَ,606
عملن,606
تڪ,605
صنعتي,605
ڪرپشن,605
اسد,604
آجو,604
بياض,604
پاليسي,604
ترڪيءَ,604
ٺاهيون,604
ڄاڻڻ,604
روڪ,604
سڌريل,604
شعري,604
طرفن,604
قميص,604
ٻيٽن,603
پارٽين,603
ڄاڻن,603
چمن,603
دوائن,603
سڀيئي,603
عباسيءَ,603
منفرد,603
منگي,603
نڪرندڙ,603
پريت,602
زميندارن,602
سفرنامي,602
مختيار,602
موجودگيءَ,602
وهندو,602
ٿلهو,601
ٽئي,601
چارو,601
سچائيءَ,601
ڪلهوڙا,601
گاريون,601
ڳالهائين,601
وقتي,601
ٽيليفون,600
ڇڏجي,600
البته,599
تشريح,599
دليون,599
ساڙي,599
عالي,599
موزون,599
اُميد,598
آسٽريليا,598
خدائي,598
ڌاڙيل,598
روزانه,598
شمشير,598
ڪڍ,598
ملايا,598
ناظم,598
ورلي,598
اسانجو,597
آدمشماري,597
پورٽ,597
حرم,597
رجب,597
عهدن,597
ڪيڏا,597
اٽي,596
ڌوئي,596
قيادت,596
اسٽريٽ,595
ٻانهي,595
راتين,595
سڌاري,595
صوبو,595
لينن,595
مڙي,595
يمن,595
آريسر,594
باعث,594
بزم,594
ساجن,594
صديون,594
مکي,594
وٺجي,594
پابند,593
پنھنجا,593
ٽريننگ,593
طريقت,593
لسانيات,593
اَن,592
آياسين,592
بغير,592
ڊرامن,592
صلى,592
لطيفيات,592
نظرياتي,592
توحيد,591
سچا,591
سرو,591
فاتح,591
ڦيري,591
ڪاميٽيءَ,591
گنگا,591
ڳاڙها,591
مجاهد,591
آڇ,590
ساک,590
سمورين,590
عبدالرشيد,590
ڪڍيا,590
ڪوٺيءَ,590
نفسياتي,590
اُڀري,589
بلوچي,589
پوزيشن,589
جھڙا,589
جوت,589
خانن,589
دارالعلوم,589
زيب,589
نعرا,589
هجريءَ,589
وصول,589
آندل,588
ٻير,588
ڀرتي,588
جهٽ,588
دامن,588
ڪفر,588
معتبر,588
هير,588
پگهر,587
خوشيون,587
ڪٽي,587
ڪرسٽوفر,587
هٽائي,587
درجا,586
ڏاند,586
کولڻ,586
مچ,586
بسم,585
قائداعظم,585
کيرٿر,585
گھڙي,585
مزي,585
مسواڙ,584
موج,584
نظاماڻي,584
ويري,584
امانت,583
تاريخن,583
ڪھڙو,583
لکيون,583
ناڻو,583
اڏامي,582
اڪرم,582
بيشمار,582
ٻيلن,582
ذاتين,582
ڪچهريون,582
مفتي,582
نگاهن,582
پکيڙ,581
رهياسين,581
فوجين,581
مروج,581
نوڪرين,581
ڏندن,580
رونق,580
سما,580
کپن,580
حڪمراني,579
ڊڄي,579
سيوهاڻي,579
گلشن,579
نازل,579
چونڊجي,578
هڻندو,578
ارمان,577
ٻوٽا,577
ٿڪل,577
عاجز,577
ڪئالالمپور,577
بهاولپور,576
بيهاري,576
ٻاراڻي,576
سائنسدان,576
سختي,576
گئس,576
مشرف,576
تقدير,575
خوفناڪ,575
رکجي,575
ڪڇي,575
محصول,575
پارليامينٽ,574
پد,574
دوائون,574
گند,574
آرڊر,573
تقريب,573
جهيڙو,573
چاپ,573
غلامي,573
محققن,573
وڪرو,573
سندر,572
ڪاريگر,572
گهڙيون,572
لٿي,572
ايستائين,571
برٽش,571
پختو,571
ڄامشوري,571
سڪا,571
سياح,571
شوري,571
معزز,571
آٿت,570
بجليءَ,570
ٻڌا,570
مئنيجر,570
آنند,569
جڙي,569
حوالا,569
خوشين,569
کڻندو,569
گذاريو,569
اصغر,568
جهڙيءَ,568
ساهت,568
مهمانن,568
ميڙي,568
وسڻ,568
ندين,567
هوت,567
اڳيئي,566
حقيقتون,566
سڏجن,566
پاڻهي,565
ڇيڙي,565
ڍڪ,565
عقيدو,565
کوٽي,565
ماڻس,565
واڳون,565
پڌرا,564
سڀڪو,564
وکر,564
بنيادن,563
پيرزادو,563
شهزادو,563
مغز,563
ناميارو,563
پينانگ,562
ڳالهائيندڙ,562
اُس,561
بهشت,561
ٿياسين,561
سپنا,561
سقراط,561
سنهي,561
ڪاش,561
مسجدن,561
مشاهدي,561
وڌندڙ,561
برطانيه,560
بيدل,560
پٺيءَ,560
خاتون,560
گھوڙي,560
نظرون,560
اسٽاپ,559
انفرادي,559
پاتو,559
ٺاهيندا,559
ذرا,559
رضي,559
سوراخ,559
شهدادڪوٽ,559
ڦيرو,559
هئينءَ,559
افزائي,558
ايٽم,558
آڻيندا,558
ٻوڙي,558
خوبي,558
دارومدار,558
روڪيو,558
ڪه,558
ڳل,558
ماما,558
نوڪريون,558
جرئت,557
ڄمي,557
رشتن,557
فعل,557
ڪوڙو,557
گيتن,557
نفيس,557
تقاضا,556
تقسيم,556
جڏهين,556
دنگ,556
ڏياريو,556
راندين,556
ستل,556
سرمائيدار,556
مقدمو,556
منتظر,556
ھليو,556
يارهين,556
بجا,555
جبر,555
رفيق,555
ڪفن,555
ھزار,555
پرچار,554
شوڀا,554
همدردي,554
ابوالقاسم,553
آتما,553
تڏهين,553
ٽيئي,553
رقص,553
سڳوري,553
سمجهاڻي,553
سوشلسٽ,553
شاخون,553
شڪاري,553
ڪرنٽ,553
سائيڪل,552
لاڙو,552
نوري,552
ويهاري,552
اغوا,551
سوچن,551
سوداگر,551
فضيلت,551
ڪريمداد,551
ماتحت,551
آمدني,550
پٺ,550
دورو,550
گيان,550
لکندڙ,550
تجارتي,549
تمنا,549
ڏنم,549
سڏجڻ,549
عائشه,549
قَالَ,549
مھل,549
اٽو,548
ٻڌندا,548
شاهدي,548
ماه,548
ميزبان,548
ههڙي,548
هوُ,548
وڌائين,548
وسعت,548
ٻڌندو,547
تهذيبي,547
رهواسي,547
مات,547
وٺندڙ,547
ورلڊ,547
تڪرار,546
جيمس,546
قومپرست,546
تور,545
دري,545
رسيو,545
سپهه,545
شو,545
شيرازي,545
مقالات,545
منتخب,545
نڪرندا,545
ائنڊ,544
جمعو,544
ڇهون,544
خاڪي,544
رشوت,544
ڦير,544
قيصر,544
ڳڙهي,544
لاڳيتو,544
ويچارا,544
الهيار,543
اندازي,543
اورنگزيب,543
چوين,543
ميونسپل,543
واڌاري,543
واڪ,543
حسيني,542
درج,542
ڏنس,542
لي,542
مقالو,542
وڏيرن,542
يهودي,542
پڇيم,541
سومر,541
ڪئناڊا,541
ازل,540
بستري,540
حالانڪ,540
ڦٽل,540
ڪرامت,540
انگيز,539
پنھنجن,539
تارو,539
ڇانيل,539
فنڪارن,539
لنگر,539
نيرن,539
هلال,539
وسيلا,539
پُر,538
پڇيومانس,538
راشديءَ,538
اٿو,537
اسٽيٽ,537
ايندس,537
جرمني,537
ڊگريون,537
سڏائي,537
ڪاٺي,537
مائيءَ,537
سيءَ,536
صلاحڪار,536
ورهاست,536
پاتل,535
رنج,535
سرون,535
لهرن,535
انڙ,534
ٽڪرو,534
چيڪ,534
دفتر,534
عبدالرزاق,534
ڪهڙيءَ,534
گهيرو,534
مچي,534
وچولي,534
ورهائجي,534
تباهيءَ,533
ٽيڪنالوجي,533
جاگيردار,533
رکيون,533
سمجهائڻ,533
ترجيح,532
فهم,532
ڪوٺيو,532
گو,532
مريم,532
وحشي,532
ارجن,531
رڌل,531
رياضت,531
فراهم,531
ڪارخانا,531
مزور,531
مڙئي,531
هفتو,531
ويهاريو,531
ڇرڪ,530
ڊيسڪ,530
ڌاڙيلن,530
راجپوت,530
سينٽي,530
ڪوريا,530
گھرن,530
مادو,530
مئرين,530
آتش,529
ٺٽويءَ,529
جوڙڻ,529
ڍڪي,529
ساھ,529
سست,529
غرض,529
اوچائي,528
کوجنا,528
گيهه,528
لاڏاڻو,528
پيتو,527
جوءِ,527
خاصيت,527
درجه,527
ڍڪيل,527
ورندي,527
اطاعت,526
جهليو,526
ناتو,526
انڌي,525
ڏاکڻي,525
ستون,525
منصب,525
مولود,525
وليم,525
رهون,524
سونهري,524
ڪمپنين,524
پڻس,523
تنهنجون,523
خودمختيار,523
رلي,523
سيتائي,523
سيمينار,523
اڇلائي,522
بزنيس,522
توڻي,522
جلدن,522
راڻو,522
رومي,522
ڪاٿي,522
مشرق,522
همٿ,522
اڃ,521
آرٽس,521
باد,521
تنھنجو,521
جزا,521
ڏينهون,521
رهڻو,521
ڪوڙا,521
ميسر,521
نڪرندي,521
اسپين,520
پادري,520
چمڪندڙ,520
ساهتيه,520
سند,520
شهاب,520
هڏ,520
واسواڻي,520
ڀانيان,519
پٺي,519
تفريح,519
حساس,519
صوبدار,519
ڪتا,519
لڌو,519
يارهن,519
اھڙا,518
ڄڻن,518
چاندي,518
رپيو,518
عدد,518
عدل,518
مونکان,518
نھايت,518
ٽڪرن,517
جتوئيءَ,517
جلوس,517
ڊرامو,517
ڍڳي,517
ريشم,517
سائيٽ,517
سمجهايو,517
سوچيندي,517
سيدن,517
شفيع,517
صاحبه,517
فلمون,517
گهاٽ,517
واتان,517
بڻيل,516
تجربا,516
تحريڪن,516
ظهور,516
عزيزن,516
وريو,516
ڀٽن,515
پليجي,515
پيرزادي,515
مٿانهون,515
هجان,515
هڻندا,515
وڌا,515
اسم,514
اوتري,514
بري,514
پئدا,514
سوچيم,514
عقيدن,514
ميوا,514
وصيت,514
ٻارنهن,513
پروگرامن,513
خراسان,513
رھندو,513
سهراب,513
فارغ,513
مومن,513
اعزازي,512
پاڇو,512
چاچو,512
ڇپائيءَ,512
ماتم,512
پورهيتن,511
ريسرچ,511
سگھان,511
شده,511
ڪالوني,511
نفسيات,511
يارن,511
اپ,510
چال,510
ديوبند,510
ڊاڪٽرن,510
شاهجهان,510
لوڪل,510
منصوبو,510
وصال,510
بصر,509
تنظيمن,509
جھلي,509
حقدار,509
ڍنگ,509
گانڌي,509
لتاڙي,509
نسخي,509
ٿِي,508
جوڙيل,508
سُک,508
بندرگاهن,507
ٿانو,507
چئين,507
ڍوري,507
گنجائش,507
ناني,507
بابي,506
بعضي,506
تکيون,506
تڪليفون,506
جاتي,506
جيسلمير,506
خانا,506
ذميواري,506
ڌڻ,506
رھڻ,506
ڦاٿل,506
مايا,506
وياج,506
جيڏي,505
ڏهر,505
مريضن,505
معاشرتي,505
مڻ,505
نمونا,505
آجيان,504
سسٽم,504
عبدالنبي,504
ڪٿ,504
ڪلهوڙو,504
وهنوار,504
ٽرين,503
جهنگل,503
جيڏو,503
خطا,503
ڏسين,503
سرٽيفڪيٽ,503
فاطمه,503
ڪٽ,503
گانڌيءَ,503
وصف,503
بکري,502
ڀيٽيو,502
پڌري,502
چوڪ,502
سالڪ,502
کڙو,502
ڪِري,502
ڳائيندو,502
مئن,502
مئو,502
نقشي,502
تبديليءَ,501
روش,501
ليکيو,501
مالڪن,501
ناتا,501
وتي,501
سورت,500
شهرين,500
ڪمائڻ,500
واجب,500
بصري,499
پاڙيسري,499
راڳي,499
سرشتو,499
منڇر,499
ناسي,499
پڄاڻي,498
پليجو,498
ڏيئو,498
رايا,498
ساوڪ,498
گردش,498
اٿئون,497
اچرج,497
بچيو,497
پهچ,497
تکي,497
جوڀن,497
کڻائي,497
ڪمرن,497
ليٽي,497
ماکيءَ,497
مهدي,497
نياڻين,497
يقيني,497
ڀوري,496
دريافت,496
سورهيه,496
صحرا,496
فليٽ,496
قاصد,496
ڪاميٽي,496
گهڻ,496
نينگر,496
قمبر,495
مدرسن,495
بوءِ,494
ٻڪري,494
تيرهن,494
ٽٽل,494
چيز,494
اڳواڻي,493
پاپ,493
ٽوڪ,493
چن,493
ڇوڪر,493
دهشت,493
دورن,493
سولنگي,493
مشورو,493
نيپيئر,493
هوٽلون,493
يهودين,493
اسي,492
الانا,492
اوسي,492
بادل,492
ٿڌ,492
جاهل,492
خاطري,492
رڪشا,492
زين,492
سنگهار,492
ڪڙڇ,492
نثري,492
ڀلائيءَ,491
پهچندو,491
خوبين,491
زنجير,491
منڍ,491
اجرڪ,490
امتياز,490
آزمائي,490
پنجويهه,490
ٿامسن,490
شاديون,490
ڪارنامو,490
ڪتن,490
ملهايو,490
نتيجن,490
هُئا,490
وڙهندي,490
ياسين,490
اشتهار,489
توبهه,489
چاهيندو,489
خلوص,489
ڊار,489
سنگھار,489
کاڌا,489
کڄي,489
ڪينيا,489
دڳ,488
ڊسٽرڪٽ,488
ڏيهي,488
سانحو,488
سڪرنڊ,488
سنئين,488
گلابي,488
لھي,488
مٿاڇري,488
ميگزين,488
ڇانوَ,487
درسگاهه,487
ڊاهي,487
ماسٽر,487
ويڪرو,487
آگاهه,486
آڻ,486
ڀرڳڙي,486
پهاڙ,486
سڀن,486
عبدالستار,486
مهاتما,486
برپا,485
پشتو,485
تضاد,485
چمي,485
ڏسبو,485
صنفن,485
ڪمان,485
مولائي,485
نياڻيءَ,485
وال,485
پينل,484
ڊبل,484
راڳڻي,484
ڦهليل,484
لکندي,484
ھڻي,484
الهند,483
سڄاڻ,483
سوني,483
محنتي,483
پريشاني,482
جيئان,482
رکان,482
طلاق,482
گلزار,482
لاٿو,482
مصلحت,482
بهادريءَ,481
خوشحالي,481
خوني,481
راڻا,481
ضلع,481
ڪمدار,481
ڪمرا,481
مؤلف,481
نمائندگي,481
واپسيءَ,481
ورتيون,481
انٽرٽينمينٽ,480
تپ,480
حواس,480
ضبط,480
ڪام,480
ڪجانءِ,480
لائبرري,480
هيٺئين,480
بيعت,479
پهه,479
پونديون,479
پيشيوراڻين,479
جالان,479
راهي,479
رايو,479
شعرن,479
قاضيءَ,479
لعنت,479
هڪڙيءَ,479
ويم,479
باغن,478
پيروي,478
ٺري,478
جس,478
شيرين,478
فيلڊ,478
قسط,478
ڪچهرين,478
ڪڏهين,478
الملڪ,477
باءِ,477
پسمنظر,477
پيالو,477
جوابدار,477
سمجهائي,477
ناجائز,477
نوازيو,477
اُڃ,476
بيھي,476
ڇاهي,476
سياحت,476
ڪيچ,476
مئجسٽريٽ,476
نڙيءَ,476
ويچارن,476
اِنهيءَ,475
افيئر,475
ڀنگ,475
پبلشر,475
پنو,475
ٽائيپ,475
گذران,475
ٻنيءَ,474
پاسا,474
پوئلڳ,474
پين,474
تصويرن,474
تقريرون,474
ڊائري,474
ڏاڍيون,474
زار,474
فاروق,474
ڪارخانن,474
ڪنڌيءَ,474
اسٽور,473
اسماعيلي,473
ايڏا,473
ٻيلا,473
چشم,473
ڇپيا,473
ذليل,473
روبرو,473
ريڊ,473
ڪلاسيڪي,473
مسجدون,473
نين,473
ڏيئا,472
روضي,472
زاهد,472
ويهندو,472
آڏواڻي,471
ٿانون,471
چاهيون,471
چوندس,471
ذميوار,471
فلسطين,471
فلمي,471
ڪاڪ,471
گذارش,471
وسيلو,471
استحصال,470
المولي,470
عامل,470
فريئر,470
ڪنارو,470
ڪنڊياري,470
ميوزيڪل,470
ناڻي,470
اُستاد,469
الخط,469
بخاريءَ,469
ٻرندڙ,469
چوٽ,469
دلدار,469
ريڪو,469
ساڃاهه,469
غرق,469
فرمايائون,469
ڪڍندو,469
ماريا,469
مسعود,469
ملائڻ,469
ايتريقدر,468
بنان,468
ديوارن,468
ڌرمي,468
سٽن,468
طواف,468
مخلص,468
اللهِ,467
پچي,467
جانب,467
ڪڙي,467
ڪعبي,467
منجھان,467
هستيءَ,467
واکاڻ,467
ڌارئين,466
رحمان,466
رهه,466
ڳئون,466
هڻندي,466
ويٺس,466
اڏيل,465
ٽيهن,465
ڇڪتاڻ,465
خانان,465
صدا,465
گھري,465
مٺيءَ,465
افلاطون,464
ڀاڄي,464
پراڻ,464
پڪا,464
ٽپال,464
ڏيڻي,464
رول,464
سانگ,464
سلامتيءَ,464
عربستان,464
لوڏي,464
ماڊرن,464
وڃجي,464
بوقت,463
پنهنجيون,463
ٽڪرين,463
صحتمند,463
ڪيميائي,463
ملايو,463
افسانا,462
پيسا,462
دشمني,462
زبانون,462
شعبن,462
عهدو,462
يارو,462
سهولتون,461
سينو,461
غيبي,461
لڄ,461
مانُ,461
نسخا,461
ويڪري,461
ابدي,460
الوحيد,460
ڇپر,460
درويشن,460
سمجهوتو,460
سورهن,460
فصلن,460
ڪوئيٽا,460
نشاندهي,460
وڏ,460
اچين,459
احسن,459
آڻيندو,459
جهنڊي,459
جوڻيجي,459
چندن,459
مقدمي,459
منڊي,459
هاريءَ,459
وفائي,459
اچڻو,458
آيتون,458
پيداواري,458
چڱائي,458
ڇڏيل,458
رشتا,458
سرائڪي,458
شاد,458
عبدالجبار,458
هنديءَ,458
تائيد,457
رڇ,457
سالم,457
عضون,457
قضا,457
لسٽ,457
مجيب,457
انجي,456
ڀاتي,456
ترجمان,456
ڊاڪيومينٽري,456
سختيءَ,456
سعادت,456
سوڍي,456
گذاريندو,456
نائٽ,456
وڍي,456
پوش,455
تلاءُ,455
راجائن,455
مسند,455
هلايو,455
ونگ,455
بارش,454
پارس,454
ڏوهاري,454
گذار,454
گناهن,454
واڌو,454
بيماريون,453
ڄامشورو,453
ڪاٺيون,453
گشت,453
منطق,453
هڻ,453
وڏائي,453
اچون,452
الور,452
بدنام,452
پويون,452
ٽنگون,452
خار,452
سودو,452
ڪان,452
گار,452
گهرڻ,452
مطالبو,452
ناريل,452
نئشنل,452
ورجيس,452
اوٽ,451
ايسوسيئيشن,451
آقا,451
آڻين,451
بدلو,451
بئنڪاڪ,451
چانورن,451
دؤران,451
سگھندو,451
سنڀالڻ,451
ماڙي,451
مذاق,451
بادشاه,450
پال,450
پنڊت,450
سرسبز,450
شفقت,450
فردن,450
ڪاليجن,450
لکجي,450
متحرڪ,450
ننهن,450
پھتو,449
جمادي,449
جملا,449
ڏنڊ,449
رابطو,449
رڪاوٽ,449
ماهه,449
مفڪر,449
وريام,449
ارڙهن,448
بنو,448
پارو,448
پلنگ,448
تڪليفن,448
ڇني,448
ڪثرت,448
ڪڪرن,448
ڳوٺاڻي,448
ٻُڌ,447
پٺاڻن,447
ترجما,447
ڇڏيندس,447
حشر,447
خوبيون,447
سندا,447
عاشقن,447
ڳالھين,447
ميٽنگ,447
پرديس,446
جمعيت,446
جهاد,446
جهنڊو,446
سٺيون,446
عرش,446
لهجو,446
محدث,446
ملٽري,446
نِينگَرَ,446
همير,446
انچارج,445
ٻيڙا,445
ٿورائتو,445
حاضري,445
ديويءَ,445
سوئي,445
سياسيات,445
عزم,445
ڪاتب,445
ڪهڙن,445
نشو,445
ويڪرائي,445
بندن,444
داڻا,444
سُور,444
سنڌڙي,444
ڪارنامن,444
لڙي,444
مقيم,444
همدرد,444
ويندين,444
ڀاڱا,443
پڇاڙي,443
رپئي,443
شعوري,443
فرياد,443
کنئي,443
مسرور,443
معاهدي,443
ميون,443
هلت,443
ويٽنام,443
بادشاهت,442
ڀوڳ,442
پيءَ,442
جهڙين,442
رهنما,442
ڪاٺيءَ,442
ويجها,442
آزار,441
ٽوئرسٽ,441
ساهي,441
سرمايو,441
سهولت,441
کڻندي,441
گراهڪ,441
گهيري,441
نديون,441
نڪا,441
آوازن,440
برعڪس,440
پرک,440
چانڊيي,440
ڇڏائڻ,440
ڊويزن,440
الائجي,439
ٻٻر,439
تلاءَ,439
رسائي,439
قياس,439
مُلڪ,439
هيل,439
هئائون,439
اڪيڊميءَ,438
اونداهيءَ,438
آرين,438
بنده,438
پڙهن,438
سگهندس,438
سينگاريل,438
عبدالغفور,438
فرحت,438
قال,438
گلا,438
ليکڪا,438
اسلم,437
آبي,437
بهاني,437
پالي,437
فالو,437
کاتو,437
ڪنڊي,437
همراهن,437
بختاور,436
پان,436
جمنا,436
جنگيون,436
صدارتي,436
کڻ,436
متفق,436
مڙسن,436
مولي,436
اپيل,435
اداڪار,435
باطني,435
ٿيءُ,435
جھان,435
ذريعن,435
رُخ,435
ساليانو,435
سينيئر,435
عرفان,435
نيرون,435
آڪاس,434
ٻلي,434
پايو,434
پتا,434
دائرو,434
درشن,434
صداقت,434
مڪتب,434
آئيندي,433
پئنل,433
تاڪيد,433
تهن,433
ڊهي,433
ڏکيا,433
ذهانت,433
سلامتي,433
قافلي,433
گرامر,433
لهندو,433
مٺائي,433
معاشرو,433
ميوزيم,433
ناٿن,433
باٿ,432
ٻُڌايو,432
تعصب,432
رانديگر,432
رعب,432
سڏڻ,432
سولي,432
ڪنديس,432
ڳچي,432
هنيا,432
وڏيرا,432
چيائينس,431
راه,431
ستارن,431
مستند,431
مقصود,431
يادون,431
ابوالحسن,430
چونڊون,430
سرمد,430
سهاري,430
ک,430
ڪاوڙجي,430
لڪائڻ,430
واهڻ,430
بناوت,429
پرچي,429
صفر,429
فريب,429
قاسمي,429
ڪويتا,429
مٺ,429
بڻي,428
تماڪ,428
جهالت,428
خليفن,428
رزق,428
ڪال,428
لبيا,428
مشوري,428
پڙهايو,427
تحريرن,427
تسلسل,427
چوڏهين,427
دلچسپيءَ,427
سڀا,427
سڀيتا,427
معمول,427
منزلون,427
آبهوا,426
آئينو,426
پڄي,426
ڇڏيم,426
عيسيٰ,426
ڪينجهر,426
لالي,426
مڪالمه,426
منصوبي,426
هوندس,426
وچن,426
انگن,425
تانتيا,425
ٽه,425
ڇنڇر,425
روپيه,425
زوردار,425
سريلنڪا,425
شري,425
گهڻين,425
ڳلن,425
مرحلي,425
هالن,425
بگهڙ,424
چٽا,424
ڇانئجي,424
ڏٺيون,424
فئملي,424
ڪربلا,424
گهاٽو,424
گهٽتائي,424
اسلوب,423
بحري,423
ٻهراڙين,423
پڇو,423
ٽاور,423
چورن,423
ڏاهي,423
سيکاري,423
مارئيءَ,423
محبتن,423
نڙ,423
نهارڻ,423
ايشيائي,422
آڳ,422
پيٽارو,422
ٽيليويزن,422
ٽئگور,422
شي,422
لوڪن,422
مگسي,422
اسلاميه,421
بهاءُ,421
پرور,421
جماعتن,421
دردن,421
درين,421
رڳ,421
ضياءُ,421
لاليءَ,421
لغاريءَ,421
منھنجا,421
اُڀ,420
باقيءَ,420
پرورش,420
تذڪري,420
درياهي,420
سواد,420
ڪتابت,420
مرتبي,420
نشانو,420
نهار,420
بچل,419
پاٿ,419
پيماني,419
تپي,419
ڇڪ,419
خارجي,419
ڪج,419
مُرڪ,419
نرمل,419
پڙھڻ,418
چريا,418
دانشورن,418
ڏيارام,418
رني,418
عبدالحفيظ,418
فيڊريشن,418
قبو,418
قسمين,418
لس,418
اُٺن,417
بهانو,417
رويي,417
شهداد,417
کڻندا,417
ڪارين,417
معتقد,417
ميرا,417
نقشبندي,417
اسٽالن,416
اوزارن,416
ايتريون,416
ايرانين,416
ٻولن,416
ٿورائتا,416
ڄاڻائي,416
چاليهن,416
ڇوٽڪارو,416
سڪو,416
شاعره,416
لفظي,416
مٽجي,416
واهن,416
ارپنا,415
اوچتي,415
آھستي,415
پهتل,415
تماچي,415
چمڪي,415
زليخا,415
فهميده,415
ڪڍيائين,415
ڪلي,415
گوڏن,415
ڳوڙهن,415
ميوزڪ,415
انڊس,414
تهڙي,414
ٽوڪيو,414
خدمتگار,414
درياھ,414
ڏوهن,414
صلعم,414
ڦاٽل,414
مجنون,414
مدرسه,414
مهان,414
وجهندو,414
وهائي,414
ڀاڙو,413
ٽڪ,413
فائز,413
ڪوچ,413
لاٽ,413
الوداع,412
برک,412
ڀرپاسي,412
سادات,412
سيل,412
ضياءَ,412
طعام,412
قابض,412
ڪُش,412
گپ,412
لاڙي,412
وهندي,412
اصليت,411
اڳواڻيءَ,411
دلگير,411
ڏڪي,411
رهندس,411
سگھيا,411
عيسائين,411
کو,411
ماکي,411
نسلن,411
آگري,410
تهڙو,410
حويليءَ,410
ليڊرن,410
مصرع,410
مقالي,410
نارائڻ,410
نان,410
نگاري,410
ويءَ,410
اُڪير,409
افساني,409
بهاري,409
پالڻ,409
چانگ,409
چوريءَ,409
روان,409
سالياني,409
ماڇي,409
مايوسي,409
مڇيون,409
ناحق,409
وديا,409
اشارا,408
ٽيچر,408
جنون,408
سمون,408
شپ,408
عمرو,408
ڦٽ,408
ڪاڇي,408
ڪارونجهر,408
مندرن,408
نرالي,408
وسائي,408
يتيم,408
اعتقاد,407
ٻالڪ,407
پورهيي,407
پيشاب,407
چڙ,407
چئون,407
دانش,407
متحد,407
مذڪور,407
وٺيو,407
انسپيڪٽر,406
ايماندار,406
پوکڻ,406
جدي,406
جيري,406
دٻي,406
دينيات,406
رشتي,406
رکيائون,406
روحانيت,406
رياض,406
سپاهيءَ,406
شانتي,406
قدامت,406
ڪشمڪش,406
گلي,406
نشانيون,406
هِتي,406
هجين,406
هنجي,406
واسي,406
آساني,405
بادشاھھ,405
ٻڌن,405
ڀڄ,405
پرائيويٽ,405
تبديليون,405
تصنيفن,405
ٿانوَ,405
ڄاتل,405
سٺن,405
ليفٽيننٽ,405
ميهڙ,405
نصاب,405
نهين,405
هيري,405
اضافي,404
بلال,404
پاڳل,404
جپانين,404
خرابي,404
رضوان,404
صبا,404
صف,404
ڳوٺاڻن,404
مٺڙي,404
مرتضي,404
نير,404
ڀانيو,403
جنين,403
حاجين,403
داڻو,403
سپرين,403
شرعي,403
ھندستان,403
اندرين,402
بارود,402
ٻنين,402
چڱن,402
سهوليت,402
ڪنڊا,402
ھئڻ,402
اڏام,401
برادريءَ,401
ٻڌائيندي,401
پٽڪو,401
پرهه,401
ٺاهين,401
جيلن,401
چينين,401
ساريون,401
سائنسدانن,401
سنڀاليو,401
ڪاوش,401
نيڪال,401
اٽل,400
اعلانشرجيل,400
انجيل,400
ٻارڙا,400
پٽڻ,400
پلاٽ,400
ذخيري,400
ڌا,400
زرداريايندڙ,400
سروي,400
سورٺ,400
عبدالرشيدڀارتي,400
ڪوٽڙيءَ,400
گرفتارڪراچيءَ,400
گهور,400
ليڪ,400
ممباسا,400
ميمبرهاڻ,400
وچين,400
ورتيمني,400
وعدو,400
يونيورسٽين,400
ٻڌندي,399
تاب,399
ٺاٺ,399
جهازي,399
رهڻي,399
ڪارخاني,399
مصطفيٰ,399
نيڪيءَ,399
ورڪ,399
بالا,398
پئرس,398
جستجو,398
دربار,398
رتن,398
کارائي,398
کوٽائيءَ,398
ڪمزوري,398
نصرت,398
ننگرپارڪر,398
وقف,398
وڪري,398
اڳوڻو,397
اھم,397
ايوان,397
جهيڙي,397
خال,397
درياءُ,397
روينيو,397
ڪروڙين,397
ڪهي,397
گهاٽي,397
لذت,397
ڻ,397
انٽرنيٽ,396
بڻجڻ,396
بهادري,396
توازن,396
دليلن,396
غسل,396
ڪلا,396
ليک,396
نائون,396
نوراني,396
پاڙون,395
جلسي,395
جهل,395
چرچ,395
ضمانت,395
ڪاٺين,395
لازم,395
مٽن,395
مڇين,395
موقعا,395
نيست,395
ائڪٽ,394
آفت,394
بدمعاش,394
ڀينرن,394
پڙھي,394
پيشي,394
چانسلر,394
ڊوڙندو,394
ڌڪا,394
ھٿن,394
انتقال,393
باطل,393
ٻڌايل,393
سمجهين,393
سيوستان,393
قطعي,393
ڪرائيندو,393
ڪوپ,393
مؤرخ,393
هوءِ,393
جمڙائو,392
ڄم,392
دٻاءُ,392
راج,392
سولائيءَ,392
ڪرت,392
ڪرن,392
مارن,392
ماڙيءَ,392
ھوا,392
واڻي,392
پهاڙن,391
تعبير,391
چانڊوڪي,391
خور,391
دهل,391
ڍنڍن,391
ڏيکاريل,391
سعد,391
سوڻ,391
فار,391
گهوري,391
لمحي,391
نسلي,391
هنئي,391
العين,390
انيس,390
آدمي,390
پيرل,390
تلقين,390
چاهيندي,390
خريداري,390
راقم,390
روٽي,390
سارين,390
سڀڪجهه,390
عبدالوهاب,390
ڪاشيءَ,390
گهڙين,390
لڪڻ,390
مٿاهين,390
مٽياري,390
نبيءَ,390
نرڙ,390
هڻن,390
ارڙهين,389
الرحمانايٽم,389
پاري,389
ترڪن,389
جوهي,389
ماڪ,389
مستي,389
وڪڙ,389
ويجهڙائيءَ,389
ويهندا,389
باهمي,388
پائيندا,388
پلاسٽڪ,388
جر,388
ڏهاڙي,388
زرينه,388
کوکر,388
ڪئڊٽ,388
گا,388
مشن,388
موسيقار,388
ناليواري,388
نگراني,388
الزمان,387
آڳاٽو,387
بدلائڻ,387
پلئه,387
تيلي,387
حجاب,387
دريون,387
رضوي,387
سوئر,387
لولي,387
يونانين,387
برو,386
بلي,386
ٽپو,386
حوصلو,386
سُڌ,386
سنجيده,386
نيل,386
ورثو,386
ٿيندس,385
جمعدار,385
دوکو,385
شربت,385
فجر,385
کڻن,385
نقطي,385
هُجي,385
هيرا,385
وجهن,385
ورن,385
استقبال,384
بتي,384
ڀريندي,384
پچائي,384
پنهنجائپ,384
خاندانن,384
ڌڙ,384
سجاده,384
ظلمن,384
غلامن,384
ف,384
گهڙڻ,384
مزورن,384
ميوي,384
نرالو,384
نصب,384
نظرانداز,384
نمونن,384
وقار,384
استنبول,383
بنيو,383
رھن,383
ڪپتان,383
ڳرو,383
لهرون,383
مجال,383
مدت,383
هوائون,383
اسٽار,382
ڀاڙي,382
پرسرام,382
پسندي,382
چالاڪ,382
دهشتگردن,382
رڍن,382
سخاوت,382
سفرنامن,382
ڪاريون,382
نندي,382
وسيم,382
يادگيري,382
الملوڪ,381
بوتل,381
تختي,381
جابر,381
حڪمن,381
راين,381
سرتاج,381
سرتيون,381
سم,381
شرافت,381
قديمه,381
کوڙي,381
گذرندو,381
مخفي,381
موجودگي,381
ننڍڙن,381
نوع,381
وينداسين,381
يورپين,381
اٿارٽي,380
اختلافن,380
اسپيڪر,380
اڳيون,380
انسائيڪلوپيڊيا,380
پيڙهه,380
جدائي,380
حادثو,380
شهيدن,380
ڪريل,380
ماديت,380
مامي,380
نشر,380
واديءَ,380
وجهندا,380
املهه,379
بچيا,379
برنس,379
پرايو,379
سامراجي,379
سوچيان,379
عيسى,379
مثبت,379
نٿيون,379
نياڻيون,379
ات,378
احتياط,378
استعيفا,378
پنهونءَ,378
جاڳ,378
حاوي,378
دلير,378
دوڪان,378
دولتمند,378
ڍورو,378
ساڳين,378
غدار,378
گهاري,378
گي,378
هڙ,378
هينري,378
ايڊريس,377
ٻڌايا,377
عبدالحق,377
عجائب,377
ڪرايون,377
گاجي,377
گندي,377
مڃيل,377
موبائيل,377
مينھن,377
اکڙين,376
انتساب,376
جنيد,376
ذريعا,376
ذهنن,376
ستت,376
غفلت,376
کيڏڻ,376
گهٽيون,376
لب,376
لڏپلاڻ,376
مخالفن,376
اِئين,375
اتم,375
تاريخدان,375
شبير,375
کاڄ,375
ڪيرائي,375
مالا,375
مهاجرن,375
واڳ,375
وتن,375
وڙهيو,375
تڪڙي,374
ٽڙي,374
جئين,374
حسرت,374
خداداد,374
سڏڪا,374
سراسري,374
سرمائيداري,374
کيڏي,374
لنڪ,374
ناولن,374
ياري,374
ڇاڻ,373
ڏينديون,373
سرير,373
ڪينسر,373
ڳڙهيل,373
مهاڀاري,373
اڀرڻ,372
پهچندي,372
ٿئين,372
ڊالرن,372
عادي,372
فتوي,372
نيپال,372
وائڙو,372
وڃائڻ,372
ورانڊي,372
اسڪيم,371
اوھين,371
ترس,371
شفاف,371
ڪامورن,371
گدا,371
مڊل,371
وڻندو,371
ٻيلو,370
پڇندو,370
پروڙ,370
تاري,370
جوکيو,370
رٽائرڊ,370
سڃاڻڻ,370
شاخن,370
ماتسوموتو,370
مفصل,370
ميداني,370
نند,370
نوبل,370
وڇائي,370
آسري,369
بنگلو,369
ٻروچ,369
پاڳاري,369
تقريبن,369
جنازي,369
ڌاران,369
ساحل,369
سادگي,369
ساڙ,369
ساوا,369
شاھي,369
شب,369
ڪلياڻ,369
لنگهڻ,369
مطلق,369
وين,369
اتهاس,368
اونڌو,368
بارڊر,368
ڄٽ,368
حمد,368
خصوصي,368
قرآني,368
قطارون,368
ڪولمبو,368
لکندا,368
نوڪرن,368
همه,368
پنهل,367
ڄيٺمل,367
چشمي,367
سجدو,367
سڏايو,367
سيکاريو,367
ڪٺو,367
گرامي,367
گولين,367
ڳالهائيندا,367
ليلا,367
اشارن,366
ٻڌائيندا,366
تتر,366
ٿائي,366
ٽيسٽ,366
حيدري,366
رليز,366
سڃاڻ,366
سلون,366
شادين,366
شيراز,366
صد,366
عڪاسي,366
کهڙي,366
مُک,366
مذڪوره,366
منهنجيءَ,366
موڊ,366
نظرئي,366
ويڙهيل,366
انا,365
انسانذات,365
بات,365
بديع,365
ٻانهو,365
ڀڳا,365
پيٽرول,365
ڇپي,365
خاڪو,365
روڊن,365
سگھو,365
ڦهلجي,365
ڪاروباري,365
ڪمند,365
ڪنڊيارو,365
گهراڻو,365
ڳهه,365
وهنجڻ,365
اٺون,364
ٻيڙو,364
پاڙن,364
پٽيل,364
پورائي,364
جدوجھد,364
جعفري,364
چهرا,364
حسد,364
ڊگھي,364
ڍور,364
روءِ,364
زميني,364
فهد,364
گوليون,364
ڳالھائڻ,364
مؤرخن,364
اسٽاف,363
آکاڻيون,363
بابن,363
بيهوش,363
ڀاڄيون,363
ڀريون,363
جنڊ,363
داخلي,363
رچرڊ,363
سوامي,363
کٽيو,363
ڪارپوريشن,363
مدو,363
مشابهت,363
ميٽرن,363
نقطه,363
هاڪ,363
ورتم,363
اُداس,362
ام,362
آيتن,362
باقاعده,362
ڀاتين,362
چڪاس,362
ڊنر,362
رھندا,362
زر,362
سپريم,362
شاهاڻي,362
علميات,362
غنيمت,362
فراق,362
ڪارناما,362
مها,362
آستان,361
دٻاءَ,361
ڍڪڻ,361
روين,361
سمو,361
سوويت,361
طاقتن,361
ڪاٺياواڙ,361
ڪني,361
مخزن,361
واٽر,361
اُت,360
الياس,360
اوڏ,360
ڀيل,360
پڙاڏو,360
ڪڙو,360
مٿانهين,360
مشڪ,360
منوهر,360
ننگ,360
اتساهه,359
ايڪڙن,359
ائڊريس,359
آماده,359
ڀوت,359
چارئي,359
حلقن,359
سادا,359
سئي,359
فلاڻو,359
گريجوئيشن,359
ميدانن,359
وڌندا,359
باک,358
ٻڪريون,358
پرديسي,358
پيارن,358
دڙن,358
ستي,358
سڄڻن,358
سرواڻ,358
سرويچ,358
عَنْ,358
لقمان,358
مُرڪي,358
مچائي,358
محافظ,358
مگن,358
بُک,357
باھ,357
برائي,357
جانو,357
ڏهي,357
رسنا,357
ساعت,357
ستارا,357
ظهير,357
قصن,357
قهر,357
ڪانھ,357
ڳڙ,357
نظير,357
ٻڏڻ,356
ڀڄائي,356
پَٽ,356
پرزا,356
پيهي,356
ٺاھي,356
جھڙوڪ,356
ديد,356
ستو,356
سماع,356
سوڙهي,356
عه,356
غصي,356
فدا,356
مدني,356
مئگزين,356
نگران,356
آرامي,355
بھادر,355
ٻائيءَ,355
تند,355
تيزي,355
جنسون,355
جوڌپور,355
جيجل,355
چواڻي,355
سهڻيون,355
شاپنگ,355
شفا,355
کنگهه,355
ڪاريءَ,355
ڪافين,355
گذاريائين,355
مدح,355
وسندي,355
اُچ,354
بستي,354
پاليسيءَ,354
تارون,354
تخيل,354
ثنا,354
چمڪ,354
حويلي,354
ڏونگر,354
ساڳيون,354
سيکارڻ,354
عبور,354
علوي,354
عمدو,354
ڪمار,354
ماڊل,354
مهذب,354
ناهين,354
هوڏي,354
آزمائش,353
بُت,353
ڀتيون,353
پرڪاش,353
پيالي,353
تابع,353
تمر,353
چٽيل,353
چڙھي,353
درحقيقت,353
رن,353
سمنڊن,353
سوچون,353
ڪالمن,353
گروهن,353
ماهي,353
ناٿ,353
هاٿيءَ,353
هٿرادو,353
آور,352
پڪل,352
ٽنگن,352
جئه,352
خلائي,352
دلڪش,352
سنگتي,352
شهدادپور,352
شيدائي,352
فائدا,352
کرل,352
کيت,352
مداخلت,352
موڪلائڻ,352
آھيو,351
پاور,351
ٺهرائڻ,351
رهواسين,351
فيصلن,351
قبل,351
ڪُن,351
ڳولهي,351
لئنگئيج,351
ماتر,351
نم,351
ھجن,351
پاڇي,350
پورن,350
ٽيڪنالاجي,350
دائم,350
سپر,350
سرهندي,350
سيءُ,350
لڳاسين,350
لنگهيو,350
نمائش,350
هفتن,350
وڄي,350
ازلي,349
ايڊٽ,349
بظاهر,349
پروڊيوسر,349
پوپٽ,349
تنها,349
ٽري,349
چرين,349
چؤ,349
ڇپجڻ,349
خيز,349
درميان,349
زرخيز,349
سرحدن,349
سگهندين,349
سوٽي,349
فل,349
کنيل,349
لاڳاپن,349
لنگهندي,349
محلو,349
معراج,349
ميرو,349
الاءِ,348
اونهي,348
ٽولو,348
دهشتگرد,348
رياستون,348
سرائي,348
عشرت,348
فنڪشن,348
فوجون,348
ڪنداسون,348
گيتا,348
ڳڻي,348
مصيبتن,348
وراڻي,348
اميدن,347
ڀڳي,347
ٿامس,347
جاگرافيءَ,347
ڇڪڻ,347
ڊيڪ,347
زيان,347
طاري,347
عمري,347
کاڌ,347
کار,347
ڪاٽي,347
مقدر,347
ميراڻي,347
ورڻ,347
يادن,347
بڻيا,346
ڀونگر,346
پاسيرو,346
پريزيڊنٽ,346
ٺلهه,346
خبرن,346
خيبر,346
دوستو,346
ناڙي,346
ناهه,346
هرات,346
هنڌان,346
اٿارٽيءَ,345
ٻاڦ,345
ڀڻ,345
جاسوس,345
جامعه,345
ڌوئڻ,345
فنڊ,345
لنگھي,345
مَا,345
مونسان,345
هيرن,345
وڃبو,345
اميدون,344
برادري,344
برما,344
ترجماني,344
تسلط,344
ٽاري,344
جلاوطن,344
خصوصيت,344
خوار,344
خوشحاليءَ,344
سُڪي,344
گيس,344
اڪ,343
بسر,343
ٻانھن,343
پرڳڻو,343
پوڙها,343
تربت,343
تريءَ,343
ذوالحج,343
رگ,343
رميش,343
ساداتن,343
ساه,343
سرخ,343
گوري,343
محال,343
معاملا,343
منسوخ,343
ميرڪ,343
ھينئر,343
اھڙيءَ,342
پائيندو,342
جاندار,342
چمڙيءَ,342
ريسٽورنٽ,342
عبدالحميد,342
مالهي,342
مزاحمت,342
منٿ,342
يڪ,342
جز,341
چه,341
حڪومتون,341
ذاتيون,341
رسوخ,341
ضابطو,341
فرعون,341
قوتون,341
کڙي,341
کنيائين,341
مزدوري,341
اُھي,340
اڇلي,340
بڇڙو,340
پوکيءَ,340
تنھ,340
ٽهيءَ,340
جادوءَ,340
سڏبا,340
سونو,340
سياڻو,340
عقلي,340
ڪميونزم,340
ڪوارٽر,340
معاهدو,340
هلائيندو,340
آدرش,339
ڀڄن,339
تهذيبن,339
ٺڳي,339
ٿوريءَ,339
ٿيڻي,339
جاگيرداري,339
جهوني,339
چنگيز,339
چيٽ,339
سبجيڪٽ,339
عرس,339
گڏجاڻي,339
مول,339
ھيو,339
آئوٽرام,338
ٽرسٽ,338
چرچا,338
ڇاتي,338
ڏاڏا,338
صدمو,338
صورتن,338
گھڻن,338
ڳجهي,338
منجهيل,338
ھئس,338
واسطيدار,338
ارب,337
آخرين,337
بها,337
ريکا,337
زمينداري,337
ڦٽا,337
ڪيوسين,337
ماٿري,337
هدايتڪار,337
آرزو,336
آئل,336
بلو,336
ٻُڌو,336
ڀيانڪ,336
تشڪيل,336
ٽوپيءَ,336
حالانڪه,336
حوالن,336
ڏوهي,336
ڌريون,336
سُرن,336
سرمائي,336
سوکڙي,336
صدرالدين,336
ڪارج,336
ڪامورا,336
ڪشي,336
مر,336
واس,336
اسڪالر,335
پاڇا,335
پهڻ,335
خبرنامو,335
ذلت,335
راجستان,335
صحافين,335
فياض,335
لٽي,335
مئا,335
نورمحمد,335
وضو,335
ٿڃ,334
چاچڙ,334
ساٿيءَ,334
عينڪ,334
ڳنڍ,334
ميلا,334
ناروي,334
هٿي,334
ھُن,334
ائٽلانٽڪ,333
آمريت,333
باس,333
جاسوسي,333
جوانن,333
چهنب,333
درٻاري,333
سبحان,333
سرڪي,333
شعبان,333
فائرنگ,333
مرن,333
مينهون,333
وائل,333
اخباري,332
افسانو,332
پسنديءَ,332
تماشو,332
جسمن,332
جملن,332
چاڪ,332
رحلت,332
سگهارو,332
صليب,332
غافل,332
قديمي,332
مرتبو,332
هجوم,332
وٺون,332
بلندي,331
ٻڪرين,331
ڀرين,331
پڇان,331
پراڻيون,331
چيئر,331
ڏاتار,331
رياستي,331
زيد,331
سگھون,331
ڳڻپ,331
پاڙا,330
پوٽا,330
جوئر,330
چڙهيا,330
رجعت,330
سمان,330
سمجهندي,330
ضرورتون,330
غضب,330
گولڊ,330
مدراس,330
ملنديون,330
نبين,330
نهاريندي,330
نواڻ,330
نيري,330
ھھ,330
واعظ,330
وڌيا,330
بيل,329
پٽاندر,329
دڙا,329
عذر,329
ڪافرن,329
ماسڪو,329
نڪتس,329
هيئي,329
ايندين,328
آشرم,328
بيدار,328
ڀاٽيا,328
حڪيمن,328
سترهين,328
سڌا,328
کٽڻ,328
ڪراس,328
گذارو,328
ليول,328
مالمو,328
محفلن,328
نجي,328
هڏن,328
يادگيريون,328
اسباب,327
اندرئين,327
تصنيفون,327
جهولي,327
چاري,327
چرچو,327
راڄن,327
سوڍا,327
سومار,327
لاطيني,327
مشڪلاتن,327
موهيندڙ,327
وڃيو,327
آپ,326
پايون,326
تجارت,326
ڇپائڻ,326
حيوان,326
ڏبو,326
ڏهون,326
سستو,326
سڳورا,326
سيشن,326
شيوا,326
ڪسٽم,326
نفعي,326
وڇايل,326
اُڪريل,325
اخلاقيات,325
بمطابق,325
پرائڻ,325
پهري,325
پهرينءَ,325
تارڪ,325
تختگاهه,325
تياريءَ,325
جسڪاڻي,325
جيتن,325
سانڍي,325
صه,325
غمگين,325
ڪليات,325
لٿا,325
لٽ,325
ماخذ,325
مبني,325
مجسمو,325
ھيٺان,325
اٽليءَ,324
آکاڻي,324
برٽن,324
پڃري,324
ڇپرايو,324
خوشگوار,324
ڊجيٽل,324
ڊرائنگ,324
ڌڪي,324
طنز,324
عضوا,324
فورم,324
قوميت,324
ڪاغذن,324
گانا,324
گڻ,324
گھڙيءَ,324
مفاصلو,324
نظمن,324
هادي,324
هيگل,324
هئن,324
ويلي,324
پوان,323
پوکيو,323
ٽئڪس,323
ڄڻڪ,323
چيري,323
سمجھان,323
فائونڊيشن,323
گذاريا,323
مجموعا,323
مدينه,323
ناتي,323
واهي,323
اجمير,322
امل,322
ڀرو,322
ڀور,322
تاريخون,322
ٽڪو,322
جذب,322
چالو,322
رش,322
روئندي,322
سوڙهو,322
قيديءَ,322
گھوڙن,322
ڳنڍي,322
مَن,322
مدفون,322
مشورن,322
ميوزم,322
نظريا,322
وڳو,322
ٻڏل,321
ڀڃڻ,321
پيلي,321
ٽوڙڻ,321
جلي,321
ڇوليون,321
ديش,321
رڍون,321
سهڻن,321
سيڪنڊري,321
ملاقاتون,321
ميهار,321
واڪا,321
اڳڀرو,320
پچائڻ,320
تُنهنجي,320
ٿولهه,320
جدائيءَ,320
جهلڻ,320
جوا,320
راڪاس,320
کاءُ,320
ڪارون,320
لازوال,320
لکڻيون,320
ملهائڻ,320
ملهائي,320
ميڻ,320
وا,320
ورنه,320
آفيسن,319
پُل,319
پکڙي,319
ثانوي,319
ڏٺائون,319
سواريءَ,319
غزلن,319
فضول,319
قاعدي,319
لات,319
لالا,319
لائيٽ,319
هالائي,319
وسڪاري,319
اڪيلائي,318
اگهاڙو,318
اليوشا,318
برابري,318
بهاول,318
پسڻ,318
پوليٽيڪل,318
جياپي,318
ڏانءُ,318
رسمي,318
رو,318
ريتن,318
قاعدا,318
قربانيءَ,318
ڪينڪي,318
لڙڪن,318
محو,318
نهر,318
وڃائجي,318
﷦,317
اٿيئي,317
بندو,317
بينچ,317
ٻڌيون,317
ڀريندو,317
ٽيڪس,317
جاگيردارن,317
ڏنگ,317
رجحان,317
سازي,317
سڌيءَ,317
سونا,317
گهڙيو,317
لطيفي,317
مڌ,317
مرڪندي,317
مملڪت,317
نظربند,317
آنو,316
بليٽن,316
ٻچو,316
پاند,316
پرڏيهه,316
تبديلين,316
صدق,316
فري,316
ڦرندو,316
ڪونهن,316
گڏيو,316
مرحلن,316
نزاڪت,316
نمائندو,316
اقتصاديات,315
برخلاف,315
ٻٽي,315
پهچن,315
ٽيپ,315
جامي,315
دروازن,315
ڊئنمارڪ,315
رساله,315
رمز,315
ريءَ,315
ساهتي,315
سمجھن,315
صورتون,315
عروض,315
ڦاسيءَ,315
قافلو,315
کارو,315
ڪارل,315
ڪپي,315
ڪور,315
مٿا,315
مهتاب,315
نهرو,315
هيستائين,315
ھڪدم,315
وڌاءُ,315
آئوٽ,314
بيهاريو,314
ٻاهريون,314
پيرا,314
جوڙو,314
خشڪي,314
دونهون,314
راوي,314
رٻڙ,314
ستم,314
سگهيون,314
سڳنڌ,314
سمجھ,314
سيٽون,314
شھزادي,314
فائديمند,314
ڪانھي,314
ڪومل,314
لهندي,314
ملازمن,314
هلنديون,314
آرسي,313
پروين,313
جهنم,313
ڇٽو,313
حوصلي,313
خوبصورتي,313
ڊيم,313
سابق,313
کنڊر,313
ڪڍندا,313
مجبوري,313
مدي,313
نقاب,313
ننڍيءَ,313
هارائي,313
ھجڻ,313
افتتاح,312
الثاني,312
الحسن,312
ائسوسيئيشن,312
بئگ,312
پکيڙي,312
تڏي,312
ثابتي,312
چاڙهيو,312
رکڻو,312
زڪوات,312
سورهين,312
فاصلو,312
ننڍڙيون,312
وفاداري,312
باشعور,311
تاجل,311
تحفي,311
چندو,311
ڏيکاريا,311
ضعيف,311
فرصت,311
ڪبوتر,311
ڪروڌ,311
گاج,311
لنڪا,311
مڙهي,311
ملتاني,311
ميار,311
يادگيرين,311
ارشد,310
پيئندو,310
تحفته,310
ڏسڻو,310
سلطانه,310
شرڪ,310
ضرب,310
غلطيون,310
گھرو,310
لڀي,310
ناقابل,310
نانگن,310
هسٽري,310
وٺندس,310
ووڊ,310
ايليٽ,309
ايمانداريءَ,309
ٻڍي,309
ڀيرومل,309
پروانو,309
چوڻو,309
دکي,309
ڏاڙهيءَ,309
رهين,309
سازيءَ,309
سگھندا,309
ڦورو,309
ڪمائيءَ,309
لڳنديون,309
نبوت,309
نسخن,309
هڙتال,309
ھلڻ,309
والاري,309
وجهندي,309
اثرن,308
امت,308
اوهانجي,308
آمين,308
بابل,308
بھتر,308
پوڄاري,308
ٽکڙ,308
جاوا,308
حديثن,308
رکون,308
سمجهون,308
کاڻ,308
کلن,308
ڪٺا,308
گريڊ,308
ڳجهه,308
منسٽر,308
ورهائڻ,308
ولين,308
وه,308
ابراھيم,307
ادراڪ,307
ٻهراڙي,307
پريشانيءَ,307
تشبيهه,307
ڄڻي,307
ڇاپا,307
خانصاحب,307
سزائون,307
سهروردي,307
شاهراهه,307
شموليت,307
شناس,307
قريشيءَ,307
کائجي,307
کائنس,307
کوسي,307
لڌي,307
مُٺ,307
مدرسا,307
مسرت,307
موقف,307
وڇوڙو,307
باطن,306
ٻچي,306
ڀيٽا,306
تجزيو,306
ٽارين,306
ڇولين,306
دستي,306
دفاع,306
ڊوڙڻ,306
ردعمل,306
ڦاٽ,306
کُلي,306
کنڊرن,306
مهاراجا,306
نيڪالي,306
واندو,306
يقينن,306
اٽڪي,305
تلڪ,305
چشمو,305
خانقاهه,305
ڊبليو,305
ڊگهيون,305
ڦريو,305
کهڙو,305
ڪرائيندا,305
ڪش,305
گلستان,305
مزيدار,305
نبوي,305
نظارا,305
وارياسي,305
وچئين,305
يزيد,305
الهداد,304
آريا,304
تهران,304
ٺهن,304
درسي,304
سافٽ,304
فيلسوف,304
مارائي,304
مقالن,304
منطقي,304
هشام,304
وڏڙن,304
وکون,304
آنديون,303
ڀيٽي,303
پڙهائيءَ,303
توانائي,303
جهڪائي,303
حميده,303
دفنايو,303
ڏسجن,303
رنگي,303
سڃاتل,303
سفرنامه,303
علوم,303
غرور,303
مشهوري,303
هيرانند,303
ھندو,303
وڌيل,303
يوگنڊا,303
اسٽائيل,302
بايزيد,302
پهاڙي,302
جمشيد,302
ڏکين,302
فيصل,302
قائد,302
ڪھاڻي,302
ڪوئلي,302
لائيف,302
لوڙهي,302
هموار,302
وَبِسيدنا,302
احرام,301
بنجڻ,301
ٻڌجي,301
ٺهندو,301
چوڙيون,301
چئنل,301
دلال,301
رومن,301
ساڍي,301
شهزاديءَ,301
ضابطي,301
ڪارخانو,301
گذرندي,301
گرهه,301
ڳاٽ,301
لمحن,301
نوران,301
هجيس,301
همراه,301
اوسيئڙي,300
آيم,300
بطور,300
ٻانگ,300
ترقياتي,300
ڇانوڻي,300
حر,300
زنجيرن,300
زوري,300
قلي,300
ڪفايت,300
گهٽائي,300
آري,299
آفيسون,299
پادريءَ,299
ٺل,299
جهول,299
چينيءَ,299
ڇڄي,299
حُر,299
ڏکيائي,299
ڏيپلي,299
قاعدن,299
گهوٽڪي,299
گوڏ,299
لذيذ,299
مٽائڻ,299
نت,299
هاشمي,299
وڇڙي,299
ورڪر,299
اچانڪ,298
انتظاميه,298
انھي,298
ڀائو,298
پت,298
پختي,298
پرهيز,298
پيڇو,298
تحفو,298
تفاوت,298
دماغي,298
سڌارڻ,298
صفائيءَ,298
غلطيءَ,298
قصور,298
کيل,298
ڪوئل,298
ڳڻ,298
لاجواب,298
لاڙن,298
محي,298
مختيارڪار,298
مورتي,298
ھتان,298
وڪوڙي,298
وڻيو,298
اُتم,297
اُڏامي,297
اُڪر,297
انبن,297
پاتال,297
پڙهيائين,297
جانشين,297
جمالو,297
جهلڪ,297
جوڙيا,297
جوڳين,297
جيئرا,297
چٽسالي,297
چنگ,297
حامل,297
سائوٿ,297
سردي,297
عاج,297
عدن,297
لٿل,297
منو,297
وچور,297
اٿوَ,296
اجنبي,296
اسٽوڊنٽس,296
اليڪٽرڪ,296
امجد,296
باغبان,296
ٿاڻو,296
سڳي,296
شجرو,296
مرچ,296
منهنجين,296
موصوف,296
هٿياربند,296
برابريءَ,295
پرڀرو,295
تقريرن,295
جُتي,295
ڄاڻندو,295
ڇنڊ,295
خاصو,295
ڊگھو,295
سبي,295
سراءِ,295
سرائيڪي,295
قطر,295
ڪارڪردگي,295
ڪتبا,295
گنجي,295
ڳوڙهو,295
معنوي,295
نوازي,295
ايڪ,294
بلب,294
پَر,294
ترڻ,294
ڏيپلائي,294
رھيون,294
سُڪل,294
سرگرميون,294
سنڌالاجي,294
کنيون,294
ڪئن,294
هجو,294
هيٺينءَ,294
وڪٽوريا,294
اصولي,293
انفراديت,293
بتيون,293
بخارا,293
بليڪ,293
ٻليءَ,293
پڙهڻي,293
پلاند,293
ٿنڀن,293
چڙهائي,293
دونهين,293
ڏاهري,293
ذھن,293
سازن,293
سجاڳي,293
سڏائڻ,293
سنڌيڪار,293
صفتن,293
قبائلي,293
گرنٿ,293
لاڀ,293
مسودو,293
موڪليل,293
مياڻي,293
نگرانيءَ,293
نمائندن,293
هلڻو,293
ادل,292
اقوام,292
بچت,292
ڀٽيءَ,292
پهلوانن,292
پيري,292
ٺهرايل,292
ٽوڙ,292
جڳائي,292
ڌارا,292
ڌاريو,292
سهڻ,292
ڪنڊو,292
مشق,292
نذر,292
هٿين,292
هيبت,292
وسارڻ,292
ويهندي,292
پٽو,291
پهريل,291
چوڪيدار,291
ڇاڇري,291
خواهشون,291
ڊڪ,291
ڏاڏن,291
ڏاهو,291
ذميداري,291
ڌپ,291
ڌنڌ,291
ڌي,291
سٽا,291
سينڌ,291
شھيد,291
گولو,291
ڳائيندا,291
مڇ,291
مڱڻهار,291
هدايتون,291
وڃايو,291
اِي,290
ايڊ,290
بڙ,290
پٽيءَ,290
پڄاڻان,290
تُروئِيءَ,290
تسلي,290
جيڏيون,290
ڇونه,290
دڙڪا,290
رابرٽ,290
راهون,290
سٽاءَ,290
سڙڪ,290
سيج,290
صوف,290
طرحين,290
ڪَن,290
ڪافيءَ,290
گير,290
مجاور,290
مزاحيه,290
وڳا,290
ارتقائي,289
افسانن,289
پوتر,289
جاڳيو,289
سنڌيڪا,289
سنهو,289
شرطن,289
قريش,289
گهريلو,289
لائبرريءَ,289
مختار,289
مسڪينن,289
مصور,289
منظوري,289
نفعو,289
نگاريءَ,289
نيچ,289
هفتا,289
الشان,288
الي,288
ڀائيوار,288
پرواز,288
پستول,288
پيشانيءَ,288
تاڙي,288
جواز,288
چانڊوڪيءَ,288
ڏاڪي,288
ڏانهس,288
راڄپر,288
رفت,288
ظالمن,288
علاؤالدين,288
فلڪ,288
گفتار,288
لڳاءُ,288
موٽندي,288
برهمڻن,287
پھچڻ,287
جلوه,287
ڄامن,287
چارج,287
ڊان,287
راجپوتن,287
سرپرستي,287
سوارن,287
ڪنڀار,287
لاشن,287
مائٽي,287
ناقص,287
وعظ,287
اربع,286
اڪريل,286
الفت,286
جزن,286
جووقت,286
ڇنڊڇاڻ,286
ذميواريون,286
سنڌوندي,286
ڪلچرل,286
گائيڊ,286
موافق,286
واهر,286
وجهندڙ,286
ارادن,285
اڪيلا,285
تنبو,285
داستانن,285
درجن,285
ڊگهائي,285
سياحن,285
شوال,285
عبدالملڪ,285
غياث,285
فرخ,285
ڪامران,285
ڪيٽيگري,285
لاھي,285
محفلون,285
ملت,285
اڏو,284
آبپاشي,284
بڙودا,284
پاٽائي,284
پرکي,284
پنا,284
تڪڙا,284
ٿيٻو,284
جوڌا,284
درياه,284
ريٽا,284
سنجيدگيءَ,284
صابر,284
کنڀ,284
ڪابينا,284
ڪليسا,284
ڪوفي,284
گذارين,284
لوهار,284
نچڻ,284
نديم,284
نيٽ,284
ويدن,284
اُٿيو,283
اٿل,283
ٻرڙي,283
ڀٽون,283
ٽنگيل,283
سُٽ,283
شيام,283
صدقو,283
قبي,283
ڪنڀر,283
ڳاڇا,283
ماهتاب,283
واٽون,283
واضع,283
وسندڙ,283
اگرچه,282
اميگريشن,282
ٻاهرئين,282
ٻاھران,282
پنهجي,282
چلي,282
خلا,282
ڌاڳي,282
رومانوي,282
سمائجي,282
ضامن,282
عدالتي,282
ڪنارا,282
منجھس,282
مهيسر,282
نويسيءَ,282
وڄ,282
اڪبري,281
اليڪٽرانڪ,281
بيٺيون,281
بيهندو,281
ٻاجهه,281
ٻيڻو,281
تنين,281
توبن,281
ٽولا,281
جھنگ,281
حاڪميت,281
دربدر,281
زخمن,281
سسئيءَ,281
سنجها,281
طئه,281
عادتن,281
عامر,281
کرد,281
لڏ,281
هميشھ,281
واسواڻيءَ,281
افغاني,280
بکيو,280
ٻنيون,280
پرکڻ,280
پيرو,280
ٽرڪ,280
چراغ,280
درپيش,280
سارم,280
طبقا,280
عملو,280
ڪوپن,280
گرلس,280
گز,280
لهن,280
مٺڙا,280
منٿون,280
هيئت,280
آڪهه,279
بدقسمتيءَ,279
پهچندا,279
تحسين,279
ترسڻ,279
ٺڳ,279
ڇتي,279
دعائن,279
رُڳو,279
شاباس,279
شڪليون,279
ڦليلي,279
قبا,279
ڪارگر,279
ڪونج,279
گبول,279
گھرائي,279
مالدار,279
مشائخ,279
معيشت,279
هُنن,279
يحي,279
اڇلايو,278
آسا,278
بڪڪ,278
پتل,278
پسنديده,278
توفيق,278
جانان,278
حصول,278
حضرات,278
حيا,278
دنياوي,278
رهائشي,278
روميءَ,278
زبردستي,278
سادگيءَ,278
سبز,278
سراسر,278
کاڌل,278
گمنام,278
گهاٽا,278
گهرا,278
مٿاهون,278
مرندو,278
نعت,278
اکري,277
انتظاميا,277
انس,277
بلنديءَ,277
پرس,277
تعين,277
خاصيتون,277
دغا,277
رابطي,277
رنڊڪ,277
رھندي,277
سرحدي,277
عادتون,277
ڪلاسيڪل,277
گپت,277
هڪجهڙائي,277
اَچي,276
استري,276
انوکو,276
اوائل,276
آڌر,276
تعاليٰ,276
جهلم,276
حجت,276
ڏار,276
ڏيتي,276
رتو,276
سُندر,276
شعبو,276
عمدي,276
ڪاڪا,276
مداح,276
نال,276
هِي,276
ورتائون,276
اسپتالن,275
آڻيندي,275
ڀرم,275
ترڪيب,275
جزو,275
چنبڙي,275
خرچي,275
دائي,275
درهم,275
ڊگرين,275
سرمايه,275
سندم,275
سوڍو,275
کلندو,275
ڪنواري,275
مورو,275
الفاظ,274
اهن,274
ٻُڌائي,274
ٺاهيندو,274
ٽڙيل,274
جهوڪ,274
جيو,274
ڄاڻين,274
ڇپ,274
حاتم,274
سپنن,274
سترهن,274
سرچشمو,274
سڪار,274
علڻ,274
ڪلپنا,274
مامون,274
مرندي,274
نزديڪ,274
نگاهون,274
وابستگي,274
وڃايل,274
انتشار,273
بانو,273
پڪين,273
پئماني,273
تنهنجن,273
حوض,273
رڍ,273
سڌارن,273
سڪونت,273
سمجھه,273
ڪولون,273
مٽياريءَ,273
مجازي,273
مهانگو,273
نقصانڪار,273
اڪرام,272
آفريڪي,272
آڪسفورڊ,272
بيانن,272
پاڻمرادو,272
پتافي,272
جدت,272
دولهه,272
سوڄ,272
شفيق,272
غارن,272
قلعا,272
ڪٽيل,272
ڪلفٽن,272
مڙيو,272
مقبرا,272
منير,272
ميرس,272
ميڪ,272
هجون,272
هليون,272
وائسراءِ,272
ورتاءُ,272
وسايو,272
ويجهه,272
اداڪارن,271
انڌا,271
ٿيلهي,271
ٽٽڻ,271
جيپ,271
چُڪو,271
خودڪشي,271
ڏورانهن,271
روحن,271
زلف,271
سنگھ,271
ش,271
عرفات,271
کائو,271
ڳوليو,271
ماڳهين,271
مردان,271
موڪليندو,271
اسٽوپا,270
پيشوا,270
ٿورڙي,270
جنسن,270
ڏيڏر,270
رٿيل,270
گڊ,270
لڪياري,270
مهاڀارت,270
ناٽڪن,270
اشفاق,269
بانس,269
ڀلجي,269
پيچ,269
تحريرون,269
تقاضائن,269
ٺهندڙ,269
دَور,269
سهيڙي,269
کر,269
ڪشميري,269
لافاني,269
لڌا,269
مڃان,269
منشور,269
واسو,269
وان,269
اٿاريو,268
اٿاهه,268
اچار,268
اختصار,268
اصطلاحن,268
آچار,268
آئنده,268
ڀورا,268
تڙپ,268
جيلر,268
چوڻين,268
حسب,268
خراج,268
خزان,268
دمشق,268
سوڀو,268
ڪرسيون,268
لاس,268
اجاگر,267
الاجي,267
اهتمام,267
ايڪٽ,267
ٻڌايم,267
پول,267
تسبيح,267
ٽپڙ,267
جھڙن,267
جيڏانهن,267
چٽساليءَ,267
چڙهندو,267
ڇوڙي,267
ڌنار,267
سينا,267
فروغ,267
گھوڙا,267
ليڪچرار,267
مايوسيءَ,267
معشوق,267
ميت,267
نسرين,267
نوريءَ,267
وقفي,267
ويٺيون,267
اذيت,266
الشعرا,266
آندائين,266
پچار,266
تاثرات,266
تواريخ,266
ٽمبڪٽو,266
جھنگلي,266
چ,266
حڪمرانيءَ,266
دام,266
ڍول,266
ڏاهن,266
ڏيکاريندي,266
سڙيل,266
ڪيٽي,266
ڳائيندي,266
لهندا,266
ماڻهون,266
مٿيان,266
مد,266
مرحلو,266
معجزو,266
معذور,266
مورائي,266
نوي,266
واھ,266
وجھڻ,266
وڙ,266
وسڪارو,266
وهٽ,266
اظهر,265
آرٽسٽ,265
آني,265
پڙهيم,265
چاڙهڻ,265
حادثن,265
حفظ,265
سهتو,265
شڪي,265
عيال,265
ڦرندي,265
ڪهڻي,265
ڳوٺاڻا,265
ليڊي,265
محبتون,265
محبوبا,265
منى,265
مھمان,265
هوبهو,265
هوندين,265
ھمت,265
وينديس,265
اصفهان,264
انگلش,264
آڙ,264
ٻڌايون,264
ٻڪريءَ,264
پيرس,264
تدبير,264
ٿڌا,264
چشتي,264
ڇرڪي,264
ذهنيت,264
ڌاتوءَ,264
سس,264
سوچيندا,264
سودي,264
غني,264
ڦيرا,264
قرارداد,264
کارائڻ,264
کڙا,264
ڪِي,264
ڪارائتو,264
ڪميونٽي,264
ڪئميرا,264
مورڳو,264
ناهيون,264
وڪيلن,264
وڻج,264
اسپتالون,263
انجو,263
ٺهيا,263
ڊاٽ,263
رنجيت,263
زينب,263
سگهڻ,263
سنبت,263
سنواري,263
صلاحيتون,263
غيب,263
فرقن,263
مرڪب,263
مياڻ,263
نوابن,263
نولراءِ,263
هضم,263
ھليا,263
ھئاسين,263
ورقن,263
وشنو,263
اگهم,262
پيشڪش,262
جيڏا,262
چاهيندا,262
چتائي,262
چهرن,262
ڇنڊي,262
ديوارون,262
ڌاڙا,262
سوکڙيون,262
شهه,262
کتل,262
گرجا,262
مساوات,262
معنائون,262
هيڏو,262
اونداهين,261
باقر,261
بسون,261
ڀانت,261
پائونڊ,261
تئن,261
چانهن,261
حماد,261
رتيديري,261
روا,261
زم,261
سجدي,261
سيارو,261
فارس,261
فائنل,261
کپائي,261
کوهن,261
لڳيس,261
واچ,261
اِيئن,260
اڀريو,260
آفاقي,260
بيڊ,260
ڀڃ,260
پٽڪي,260
پريتم,260
پيشاني,260
پيشو,260
خضر,260
خواجا,260
داري,260
رڌي,260
سجائي,260
صلاحن,260
علت,260
غلطين,260
فرمائش,260
ڪباب,260
ڪيستائين,260
گانو,260
گرين,260
متو,260
ادريس,259
الرحمة,259
بازيءَ,259
پنڻ,259
تعلقن,259
ٺڪراٺو,259
چئه,259
درياهن,259
طيب,259
عبدالحڪيم,259
ڦڙا,259
ڪوس,259
گفت,259
مناسبت,259
منجهي,259
منفي,259
ميڊل,259
ميونسپالٽيءَ,259
نڪتاسين,259
نمائندا,259
هٺ,259
ال,258
انڪشاف,258
انوکي,258
اونهو,258
ٻڌندڙ,258
ڀانئجي,258
ڇٽ,258
حقارت,258
دستياب,258
رالف,258
سپنو,258
سرمائيدارن,258
سڻي,258
ڪٽڪ,258
ڪشمور,258
ڪنا,258
گرائونڊ,258
گنهگار,258
متل,258
مٺل,258
معلم,258
نارا,258
ھه,258
ھوائي,258
واڻيو,258
وٺڻو,258
آئينده,257
بورچي,257
تتي,257
ٿيم,257
جهانيان,257
چورائي,257
حجام,257
حرص,257
ريس,257
سڀاءُ,257
سڃاڻان,257
سڌارا,257
سڌارو,257
سرجن,257
سگھيس,257
ڦاٽڪ,257
ڪمپنيون,257
گرام,257
محور,257
موهي,257
نبض,257
ھڻڻ,257
وشواس,257
ڀاڄائي,256
ڀڙ,256
ڀنڀرو,256
پارٽيون,256
پاليسين,256
پياس,256
تحفا,256
ٺهندا,256
ٿجي,256
چلهه,256
ڇوري,256
ديول,256
ڏيکارين,256
سرس,256
سرهاڻ,256
سنگم,256
صفحه,256
ڪارڪردگيءَ,256
ڪڍندي,256
ڪيهر,256
گمراهه,256
گهنڊ,256
لاهه,256
مانجهي,256
ملائڪ,256
منوره,256
ناموس,256
وليد,256
اڪيلائيءَ,255
انديشو,255
ٻُڌڻ,255
پرچو,255
تڙي,255
ٽپڻ,255
ٽوال,255
جانڻ,255
خوشبودار,255
ڊيلٽا,255
ڏکويل,255
زبون,255
ڦاسائي,255
گهڙيال,255
گيانچنداڻي,255
لڇمڻ,255
اِنهن,254
آڌيءَ,254
بڇڙي,254
پمپ,254
پئو,254
تات,254
ٺاري,254
ٿورڙو,254
ٽولن,254
حاشيه,254
رھيس,254
روزا,254
صنم,254
ڪمپوز,254
ڪمپوزنگ,254
ڪنوينشن,254
ڪوٺين,254
ڪوٽن,254
ڪولهي,254
گرفتاريءَ,254
ماترائون,254
هيڪر,254
وٿ,254
وڌيڪَ,254
انتقام,253
بندگي,253
ڀاڄين,253
پوئلڳن,253
پيٽر,253
ڇڻي,253
خوشخبري,253
دڙڪو,253
ڏيکاريندو,253
ڌڪار,253
رجوع,253
سلامي,253
عنوانن,253
ڪرائين,253
ڪمايو,253
نچي,253
نقلي,253
هفته,253
وت,253
ورزش,253
وڙهندا,253
وندن,253
ووٽن,253
السنڌ,252
بالي,252
بحران,252
ٻڪر,252
ڀروسي,252
پڪڙ,252
پلو,252
تمدني,252
تنبوءَ,252
ثمر,252
ڄاول,252
چٽيءَ,252
ڇير,252
ڏورانهين,252
روي,252
ساخت,252
عقلمند,252
کائيندڙ,252
ڪيفيتن,252
گهمندي,252
ماڻيو,252
مرده,252
ملڪاڻي,252
منجهانئن,252
هٽلر,252
وٿاڻ,252
ويٺاسين,252
اِھو,251
اصحابي,251
العلوم,251
امرتسر,251
اونو,251
آيات,251
براين,251
پات,251
پڇندا,251
تازا,251
تعميل,251
تيرهين,251
ٿائلينڊ,251
جلباڻي,251
حرن,251
ريڙهي,251
سڳو,251
سؤٽ,251
سيلاب,251
سينئر,251
کيتي,251
ڪاپيون,251
ڪکن,251
گذاريندا,251
لانگ,251
مڇر,251
مقبرن,251
نصر,251
نماڻي,251
هماليه,251
آسمانن,250
بنت,250
ٻڍل,250
پٿريون,250
پٽيون,250
پهلوءَ,250
ترن,250
ٽڪراءُ,250
جرم,250
جوڳا,250
چوٽين,250
خلل,250
دراز,250
ريزيڊنٽ,250
سانجهيءَ,250
سچن,250
سوچين,250
صفتون,250
ڪٽجي,250
ڪشنچند,250
ملاحن,250
ميٽرڪ,250
هٽ,250
ازم,249
اشاعتي,249
ڀُٽو,249
ڀورو,249
تعميري,249
خوبصورتيءَ,249
ساڌ,249
سمونڊ,249
سوڀي,249
کوليا,249
ڪانءُ,249
ڪريا,249
گھمڻ,249
لڳايا,249
مدن,249
ميندي,249
هڪجهڙا,249
واءَ,249
ورڇ,249
وساريو,249
ينگ,249
يونس,249
اگهاڙي,248
آڳاٽن,248
ٻڌم,248
پيپلزپارٽيءَ,248
پيئندا,248
تصورن,248
توڙ,248
جاپان,248
جنڊيءَ,248
جنن,248
چُپ,248
حاضريءَ,248
حليم,248
خشڪيءَ,248
سنها,248
صابڻ,248
عقيدتمند,248
فيلڊس,248
ڦاهي,248
قيس,248
ڪاظم,248
ڪسر,248
گاهن,248
لاهري,248
مِتيا,248
مارڪسي,248
مهاڻن,248
مورخ,248
ميئر,248
نافذ,248
ويجهڙائي,248
اڇن,247
آفرين,247
آفيم,247
ڀون,247
پاءِ,247
پريءَ,247
پوئواري,247
تياريون,247
ٺڪاءُ,247
خطبو,247
ڊاڪٽري,247
ڍنڍون,247
راولپنڊي,247
رسيد,247
سپرد,247
صبوح,247
فرڊننڊ,247
ڪرام,247
گرد,247
ڳلي,247
مارٽن,247
مولوين,247
مياڻيءَ,247
آداب,246
بسنت,246
بصيرت,246
بهر,246
ڀونءِ,246
تحقيقات,246
جروار,246
خلاصي,246
رڪجي,246
روزمره,246
روڳ,246
شڪلين,246
عبدالغفار,246
فسادن,246
فوري,246
ڦڙو,246
ڪپر,246
گارڊ,246
لَا,246
لهه,246
مران,246
مسلڪ,246
نعري,246
وڙهيا,246
يارڪ,246
اٽلي,245
باه,245
بيابان,245
پڇين,245
پراڻين,245
پروڙي,245
تندرست,245
دنيوي,245
ڍاڪا,245
ڏهاڪو,245
سائل,245
سپاھي,245
سرهو,245
سوگهو,245
فرانسيسي,245
ڪشادو,245
ڳنڍڻ,245
معقول,245
ملامت,245
منتر,245
هٽائڻ,245
هڪل,245
وفاداريءَ,245
اھميت,244
اونداهه,244
بجيٽ,244
برفاني,244
پانڌي,244
پروردگار,244
تقي,244
ٿانءُ,244
ٿيندين,244
ٽئڪسيءَ,244
جڙيو,244
جونيئر,244
ڊوڙندي,244
راهب,244
سانوري,244
سرڪش,244
قافلا,244
ڪڙيون,244
ڪڪ,244
ڪيڪ,244
گاه,244
لت,244
مشينون,244
مينار,244
نوبت,244
هيترا,244
ورسي,244
بچو,243
بنگلا,243
پيسو,243
پيم,243
تختو,243
ڇڙو,243
ڇوٽڪاري,243
دسترس,243
ڊٺل,243
سالَ,243
سيٽن,243
صفرا,243
ڪوڏ,243
ڪوڙن,243
گوريلا,243
ڳتيل,243
منهه,243
موڪليندا,243
هوئي,243
وصل,243
انجنيئرن,242
بائيڪاٽ,242
پندرنهن,242
ٽاريون,242
جِتي,242
چؤطرف,242
خزانا,242
ڍورن,242
ڏاج,242
ڌيرج,242
ربو,242
زيبا,242
سانول,242
سھي,242
سوڍن,242
غزنوي,242
ڪنهنجي,242
ململ,242
مھيني,242
ميين,242
نرگس,242
همدرديءَ,242
وڻندي,242
ياترا,242
اوڌر,241
آمري,241
بندرن,241
پائيندي,241
تت,241
تعظيم,241
ٺهراءَ,241
جاچي,241
جهيڙا,241
ڇهي,241
ذخيرا,241
رهايو,241
زرد,241
سُٺي,241
سينيٽ,241
شڪتي,241
صحافتي,241
عالادين,241
قدري,241
لڱ,241
هلائيندڙ,241
هنيون,241
وارثن,241
اٻوجهه,240
اٽڪ,240
انقلابين,240
ٻيڪڙ,240
پارا,240
پرديش,240
ٺارو,240
جاتيءَ,240
جوئي,240
ڇڏينديون,240
ڏيکار,240
رچنا,240
رڌ,240
سڏائين,240
سياڻپ,240
سيڪيورٽي,240
عضوو,240
فردوس,240
کوليون,240
ڪوثر,240
گھوٽ,240
مکين,240
موهه,240
واجبي,240
يڪو,240
اَڻ,239
اترين,239
اڏامڻ,239
الحرام,239
پينشن,239
چرڪس,239
دلربا,239
ذڪريا,239
رسايو,239
سيوستاني,239
فريم,239
گرل,239
لهندڙ,239
مجاز,239
مضبوطيءَ,239
موڪلايو,239
نعيم,239
وارهه,239
اڀرندو,238
اھڙن,238
آبرو,238
بعض,238
ڀتر,238
پنڊ,238
تاڻي,238
تحرڪ,238
تحريري,238
تلخ,238
ٽريفڪ,238
ٽرئفڪ,238
ٽيڙو,238
جهونا,238
حنيف,238
ساڀيان,238
ساڪن,238
سوجهرو,238
قطارن,238
ڪچا,238
ڪهڙين,238
گراهڪن,238
گھريو,238
ماڻهپي,238
نهاد,238
همايوني,238
انومان,237
بندوقن,237
ڀان,237
پارت,237
تجربيڪار,237
تنظيمون,237
چتر,237
دز,237
ڏاڏيءَ,237
ڏن,237
رڪعتون,237
ستلج,237
ڦوڪ,237
ڪڍن,237
ڳالهايون,237
ليٽر,237
مثالن,237
مڃين,237
مشاعرن,237
مکيءَ,237
نمي,237
وڪامي,237
آلي,236
بيٺس,236
پارسين,236
ڄاموٽ,236
حواسن,236
خانپور,236
ڊريس,236
رعايت,236
سلطانن,236
سياڻي,236
صلاحون,236
ڪويت,236
گرفتاري,236
مڌم,236
مستيءَ,236
نڀائي,236
نظامي,236
اسڪولي,235
بٽڻ,235
چنبيليءَ,235
چوائي,235
ڊکڻ,235
ڊنل,235
ڏيندين,235
زڪريا,235
سياڻا,235
عمليءَ,235
قربانيون,235
کپندو,235
کري,235
ڪراچيع,235
لوڀ,235
مصنوعي,235
مهڙ,235
ناليوارو,235
ولر,235
العارفين,234
الوجود,234
اوري,234
باھه,234
برادرس,234
ڀيم,234
پاٽنجر,234
پتلون,234
پياسين,234
ڇاڻي,234
ڇپايل,234
ڍڳ,234
ڏکئي,234
سسي,234
سگهوئي,234
سنگر,234
سنهه,234
سهڻيءَ,234
کلندا,234
ڪامرس,234
ڳاڙهن,234
لکندڙن,234
موٽيا,234
نيرو,234
اسانجا,233
اوهانکي,233
ايمانداري,233
بولا,233
پاشا,233
پڇن,233
پڙهائيندو,233
تڪي,233
چنبي,233
رکيم,233
شيڪسپيئر,233
فائر,233
ڪشف,233
لائبريريءَ,233
مجاهدن,233
مذھب,233
هدايتن,233
وايو,233
وراڻيائين,233
اترئين,232
اڏائي,232
اسٽيل,232
افاديت,232
ڀينرون,232
ٺاهيندڙ,232
ٽڪريون,232
جاگيرون,232
چرس,232
ڇڪجي,232
حرامي,232
حرفت,232
خوشامد,232
رازن,232
زرينا,232
سِڪ,232
سختيون,232
سفارتخاني,232
سڪن,232
ڦڪي,232
ڪتبي,232
ڪرو,232
ڪس,232
ڪيرت,232
گهلي,232
گهوٽڪيءَ,232
مزوري,232
مڪه,232
منٺار,232
موسيٰ,232
موڪليون,232
نادان,232
نانڪ,232
نورالدين,232
باريڪ,231
ٻارو,231
تقليد,231
تڪبر,231
توڪل,231
چانڊين,231
حس,231
رُت,231
سڄا,231
سعدي,231
شاگرديءَ,231
شينھن,231
عبدالرحمن,231
غلبو,231
فائيل,231
قاعدو,231
کٻي,231
کتري,231
ڪھاڻيون,231
گهٻرائجي,231
ڳايا,231
ڳايل,231
لاهين,231
لفٽ,231
نظارن,231
نيلام,231
هلڪا,231
هيگن,231
ونگن,231
ڀڃڪڙي,230
پارلياماني,230
پرچا,230
تڏهوڪي,230
ٺوس,230
جوزف,230
جوڳيءَ,230
چوويهه,230
چئبي,230
سُتي,230
سبيل,230
سپرنٽينڊنٽ,230
سٿرو,230
سرنهن,230
شڪوه,230
علامتون,230
عيان,230
عيسائيت,230
فرنيچر,230
کڏي,230
کڻو,230
گرهڻ,230
مدهوش,230
موسمن,230
ميٺ,230
اجورو,229
امرت,229
آريائي,229
باشد,229
بالغ,229
بلاڪ,229
بئنڪن,229
ڀريندا,229
پرن,229
ٺڪ,229
ٿلها,229
ٽيلي,229
ڇُٽي,229
خودمختياري,229
ڏٺوسين,229
سرشار,229
شجاعت,229
شماري,229
شنڪر,229
فرار,229
کِلي,229
ڪتبخاني,229
ڪرسين,229
لسي,229
لوئي,229
ليلان,229
مشينري,229
مصطفى,229
مهانگي,229
نوڙت,229
ارٿ,228
افسانه,228
انڌن,228
آڌرڀاءُ,228
آڪسيجن,228
آلاپ,228
بالله,228
باندر,228
بشر,228
پڄاڻيءَ,228
پراسرار,228
تاڙيون,228
تبسم,228
چانڊيا,228
چولو,228
ڇانو,228
خسيس,228
دلپسند,228
ساھه,228
فلاح,228
ڪوهيار,228
منجهانئس,228
هيٺاهين,228
اندرا,227
آڻيو,227
پساهه,227
پشت,227
پورائو,227
چانڊڪا,227
چمڙو,227
چوپائي,227
حُرن,227
حجاز,227
دٻيل,227
درگاهن,227
ڏوڪري,227
رٽائرمينٽ,227
رديف,227
شبنم,227
صاحبيءَ,227
صحرائي,227
غذا,227
فهمي,227
کوٽڻ,227
ڪالي,227
گجگوڙ,227
ڳڻڻ,227
ماڻ,227
مسافري,227
مستطيل,227
موسمي,227
هڏا,227
هنرن,227
وهنجي,227
اڄوڪو,226
پُڇ,226
پرهيزگار,226
پيريءَ,226
تم,226
ڄڀ,226
دُنيا,226
درگذر,226
دستگير,226
ڏوري,226
راجسٿان,226
رٿابندي,226
سوري,226
شيدين,226
قاضن,226
ڪرائيندي,226
ڪيميا,226
ماروئڙن,226
معصوميت,226
مقابلا,226
مهرن,226
هڏي,226
اُڪري,225
اُنھن,225
اجمل,225
انصاريءَ,225
ٻيھر,225
ڀرائي,225
پروهت,225
پڙهه,225
پڪيون,225
پگھار,225
ٽهڪن,225
جَوَ,225
چاھي,225
خاصي,225
خودي,225
ڏمر,225
رکبو,225
رهبري,225
ريال,225
صغير,225
عافيت,225
فهيم,225
فيل,225
کليا,225
کوليائين,225
ڪليري,225
ڪهاڙي,225
گھران,225
مِٺي,225
مادر,225
مانَ,225
موالي,225
اُھو,224
اداڪاري,224
اگهاڙا,224
التجا,224
اميه,224
آروهي,224
بزدل,224
تتل,224
ٿيڙ,224
جاه,224
جنگجو,224
دلڙي,224
روزو,224
زناني,224
ساڙڻ,224
ساميءَ,224
سيڪريٽريءَ,224
صوبا,224
لکڻي,224
ليکو,224
مکيون,224
ملڻو,224
ملهار,224
نڀائڻ,224
نويسن,224
واڳيل,224
وو,224
ابتو,223
ايجوڪيشن,223
آڌي,223
آڳاٽا,223
ٻرن,223
پاتي,223
پايي,223
پائلٽ,223
پناه,223
پهلوئن,223
پھتا,223
تجويزخورشيد,223
تحصيل,223
ٺوڙهي,223
خ,223
دٻائي,223
ڊزائين,223
ڊگھا,223
ڏيڻا,223
رھجي,223
زيورن,223
سرءُ,223
سيلاني,223
سيڻ,223
شغل,223
علائقائي,223
ڦول,223
ڪُنڊ,223
ڪوي,223
گلو,223
گهڻيئي,223
گھڻيون,223
ماٿر,223
مذھبي,223
مزا,223
مڪو,223
ھئائين,223
امامت,222
آمدنيءَ,222
بارٽل,222
بيروزگار,222
ڀڄندو,222
پاليو,222
تعويذ,222
ٿوهر,222
ٽيڪسي,222
چونڪ,222
ڇڏبو,222
خمار,222
ديده,222
سگهياسين,222
سهائتا,222
سولائي,222
کنوڻ,222
ڪيفي,222
گهٽائڻ,222
محڪم,222
مڱ,222
نفي,222
اخلاص,221
العلماءِ,221
اما,221
اوچائيءَ,221
آرسيءَ,221
آکاڻين,221
بدنصيب,221
برجن,221
ٻڍو,221
ڀؤ,221
پادر,221
پلاڻ,221
پوريل,221
تجسس,221
تسڪين,221
ٽوپيون,221
ڇپرائي,221
خيالات,221
رڃ,221
سگهاري,221
سلسلا,221
سوريءَ,221
شهنشاهت,221
عصمت,221
ڪٽر,221
گروءَ,221
لوڌي,221
مشعل,221
منگهارام,221
هِت,221
هردم,221
ھلندي,221
اصحاب,220
اوپرو,220
بيڪانير,220
پردا,220
پرستن,220
پکو,220
پوکيل,220
تنهائي,220
ٽيڪسيلا,220
چوطرف,220
ڇڙوڇڙ,220
ڊڪشنري,220
ذوالنون,220
رهاڻيون,220
طاهري,220
عبدالحليم,220
فقيري,220
ڦڻي,220
ڪوتا,220
گرفت,220
ڳڻتيءَ,220
مقابل,220
موريا,220
ناٺي,220
نامعلوم,220
وهن,220
اليگزينڊر,219
امروهي,219
تماچيءَ,219
تڻو,219
ٽھڪ,219
جکراڻي,219
جلاله,219
جلسو,219
چٽگانگ,219
چرن,219
حيواني,219
ڌوم,219
راول,219
رجسٽر,219
رسو,219
سيمينٽ,219
عثماني,219
عنصرن,219
فلڪيات,219
فيملي,219
کائن,219
ڪاتي,219
ڪاٿو,219
گهاڙ,219
گھراڻي,219
لانڍي,219
لپيءَ,219
ليلى,219
ماپي,219
مائرن,219
محبتي,219
مرتضيٰ,219
مرسل,219
نشانن,219
هوري,219
اوسيئڙو,218
آمر,218
ٻڌايس,218
ڀرئي,218
پالنا,218
تڙپي,218
توهانجي,218
جماڻي,218
ڌاڳو,218
ڌڪو,218
سازشن,218
سجايو,218
سيتل,218
صنعتن,218
قلعن,218
ڪٻٽ,218
گهرندو,218
گورا,218
متاع,218
مونجهاري,218
نجوم,218
ھ,218
واردات,218
وتائي,218
وڍ,218
وڙهندو,218
وهيو,218
اسٽال,217
افسانوي,217
ايسر,217
آپا,217
آگ,217
بدوي,217
بزرگوار,217
پٺڀرائي,217
حقير,217
حواليڪراچي,217
ديواني,217
ڌاريون,217
روئندو,217
سِرَ,217
ساڙيو,217
سگھجن,217
سمجهيا,217
سونھن,217
گج,217
لسٻيلي,217
متضاد,217
محڪوم,217
ميٺارام,217
نارو,217
نقشا,217
وٿي,217
وزيراعلي,217
انکي,216
اوچا,216
ايڊورڊ,216
ايڊيوڪيشن,216
آجي,216
برساتن,216
ٿڙ,216
جيجي,216
ڄڃ,216
ڊاهڻ,216
ڌيئرن,216
سرديءَ,216
کاڌن,216
ڪرايل,216
ڪھڙا,216
گهمائي,216
لغوي,216
مربي,216
مشاهدن,216
هيڪاري,216
هينئن,216
وڌائون,216
ورھين,216
اجل,215
اسود,215
النبي,215
بادشاھ,215
برقي,215
بينظيرآباد,215
پرت,215
ٿياسافيڪل,215
ٽ,215
جميعت,215
جوهور,215
خريدار,215
ڌنڌا,215
ڌوٻي,215
ڦٽن,215
ڦرندڙ,215
ڪنگ,215
گارڊن,215
گدومل,215
گيسٽ,215
ڳرا,215
نابود,215
وٽي,215
وجد,215
وحي,215
وڌل,215
ويڄ,215
پرڀات,214
تحريڪون,214
چاھيو,214
چشما,214
خيام,214
ڍڳو,214
ڏڪر,214
سبزي,214
سڀاءَ,214
لاتو,214
مجدد,214
محاورن,214
مذمت,214
مغرور,214
مهاڻا,214
موڪلن,214
نانا,214
هاڻوڪو,214
واقعات,214
وکريل,214
يه,214
آھ,213
بوند,213
تعليمات,213
ٽُٽي,213
جهونو,213
حاجن,213
حجر,213
ڏنڊي,213
ذي,213
سگهڙائپ,213
سينيٽر,213
شرارت,213
شرما,213
شيطاني,213
قبوليت,213
قناعت,213
کجيءَ,213
ڪوڪ,213
ڪئبن,213
گوءِ,213
محرڪ,213
اٿاري,212
اھوئي,212
ائٽمي,212
باخبر,212
بهتري,212
ٻجن,212
پچڻ,212
پندرهين,212
پيارڻ,212
تعلقه,212
ٺهندي,212
جزوي,212
خيرپورميرس,212
راڄڙ,212
رتي,212
سڏيندو,212
سشيءَ,212
سهيڙڻ,212
فيس,212
کوسن,212
ڪِن,212
ڪٺي,212
ڪلاڪار,212
ڪوبھ,212
گهمندو,212
لڱن,212
محمدي,212
منهنجيون,212
مهربانيءَ,212
هنيائين,212
ويٽ,212
اُچار,211
اختياري,211
اقليت,211
بربادي,211
برهانپور,211
بروز,211
ٻڌمت,211
توڏي,211
جڳت,211
جوڙا,211
چرڻ,211
ڇلي,211
دعوى,211
ڏسندڙ,211
ڌڻين,211
ساهڙ,211
ستارو,211
سڪندراعظم,211
سنڌالاجيءَ,211
سني,211
سهپ,211
شا,211
شخصن,211
فرائض,211
فعال,211
فقه,211
کس,211
کڻان,211
ڪلمو,211
ڳالهاءِ,211
ماڪوڙين,211
مثلا,211
هٽايو,211
واعدي,211
وڄائيندو,211
اصلوڪي,210
اکڙيون,210
العابدين,210
اولهندي,210
ائي,210
آفريقا,210
بندوقون,210
ٻڌندڙن,210
ڀڳتي,210
پهتيون,210
تلاوت,210
توبه,210
ٿيلهو,210
جبران,210
خداوند,210
ڊچ,210
ڏاڪا,210
ڏوهارين,210
رهنمائيءَ,210
زمانن,210
ساڪري,210
شاعراڻي,210
عزتي,210
فقھ,210
ڪرڻيون,210
لڳين,210
ماٿيلي,210
مدنظر,210
نڀاڳ,210
ھُو,210
ھلندو,210
وهڪرن,210
الهاس,209
امرتا,209
انبار,209
آشا,209
بيئر,209
پاٺ,209
پھاڪا,209
جمهوريه,209
چُڪا,209
چوماسي,209
حارث,209
دلاسو,209
دوها,209
ڌوڪي,209
راھ,209
رهندڙن,209
روڄ,209
سلمان,209
کڻجي,209
ڪڍيون,209
ڪيسين,209
ڳالھائي,209
لان,209
ملفوظات,209
مورت,209
مينيجنگ,209
نمڪ,209
نوٽن,209
ورجينيا,209
ويجهن,209
ويچاريءَ,209
اڏيو,208
اندريون,208
برساتي,208
بگڙيل,208
ٻڪرار,208
پهريدار,208
ٽاريءَ,208
خانڻ,208
رڪوع,208
سرپرست,208
سگهنديون,208
سنديلو,208
فيشن,208
کڻيو,208
ڪيسن,208
گهاٽن,208
گهرائڻ,208
ڳنڀير,208
لاباري,208
مُنهنجي,208
مٿڀرو,208
مهاراج,208
نڪتيون,208
هُل,208
هڪڙن,208
ويهارو,208
اظھار,207
ايڪسپريس,207
آمهون,207
بدوش,207
ٻلديو,207
پسندن,207
پئسفڪ,207
تڪيو,207
چوٽيون,207
ذائقي,207
سگھندي,207
شفق,207
عبدالخالق,207
فيڊرل,207
لاهوري,207
مامو,207
نرملا,207
نمائندي,207
ھونديون,207
احاطي,206
اشراف,206
اڻڄاڻ,206
آلو,206
آڻجي,206
بنسبت,206
پٽاندڙ,206
پھريائين,206
پوکيا,206
تاثير,206
تراب,206
ترغيب,206
ٺهرايا,206
ٿرڊ,206
ٽرام,206
ٽڻ,206
جيتريون,206
چاقو,206
ڇتو,206
حبشي,206
دشمنيءَ,206
روانگي,206
سھڻي,206
ضميمو,206
غمن,206
ڪُجهه,206
گام,206
لکو,206
لڪايو,206
لئبرري,206
ماڙيون,206
مريءَ,206
مشهد,206
مشينن,206
مظلومن,206
معدنيات,206
نامزد,206
هارا,206
ورد,206
ويرم,206
اٿندي,205
اجايا,205
اطلاعات,205
ٻنهين,205
ڀڙڪي,205
پاوا,205
پاون,205
پوٽن,205
پيتيءَ,205
ٽاپ,205
جرنل,205
جنسار,205
ڄاوا,205
چم,205
چيتي,205
ڇن,205
خليج,205
ڌاريا,205
رتبو,205
زلزلي,205
سميع,205
شاهيءَ,205
شھرن,205
عياشي,205
عيدي,205
گني,205
گهرين,205
مِنْ,205
مام,205
مهندار,205
هانءُ,205
هوچي,205
وَر,205
وحشت,205
اداسي,204
اڪيچار,204
الرحيم,204
اھڙيون,204
اوڙي,204
بنگالين,204
پيلو,204
تذڪرن,204
جاڳرتا,204
جوهيءَ,204
حزب,204
رومانس,204
سالگرهه,204
ساڻيهه,204
ستا,204
سينگاريو,204
صندوق,204
ع,204
عثمانيه,204
فلسطيني,204
گڏيا,204
گنڀير,204
گهراڻن,204
گوئي,204
لاتعداد,204
لو,204
مصنفن,204
مهتمم,204
ناڪامي,204
هنرمند,204
وٺبو,204
وهڪرا,204
ين,204
اسلامڪ,203
اصطلاحي,203
بٺوري,203
بدلايو,203
بدليل,203
بروقت,203
بزنس,203
بيهن,203
ٻ,203
ٻڌائيندس,203
ٻوٿ,203
ڀڃڻي,203
پڪار,203
پوڙهيءَ,203
پيالا,203
ٺاڪر,203
ٺپو,203
خفي,203
ڏُک,203
ڏڍ,203
ڌٻڻ,203
رسد,203
رڳن,203
سنديس,203
سوڀيا,203
شهزادن,203
کاڌائين,203
ڪاريگرن,203
گهاڻي,203
گهڻيءَ,203
گهير,203
ڳوٿري,203
لئنڊ,203
منزلن,203
نرتڪي,203
نمڪين,203
نوٽيس,203
هاڪاري,203
هنگامي,203
ورايو,203
اڳهين,202
اوس,202
آدرشي,202
برگ,202
بکايل,202
بلقيس,202
بيبيءَ,202
پٿري,202
پهرو,202
پيادل,202
ٽو,202
ٽيڪنالاجيءَ,202
چونڊيا,202
درن,202
دلوراءِ,202
ڏائڻ,202
رشي,202
ساله,202
سونهاري,202
عصر,202
قذافي,202
ڪُتي,202
ڪمزوريءَ,202
ڪوٺائي,202
لاھور,202
ليتي,202
ليڪا,202
نَوَ,202
هيمون,202
وڄائيندا,202
ويٽنامي,202
يڪي,202
اسڪرپٽ,201
اسڪرين,201
آميز,201
بڪواس,201
بيروزگاري,201
بيري,201
ڀومي,201
پيادا,201
پيلا,201
جائزي,201
جماليءَ,201
چوڏهينءَ,201
ڊگهن,201
ڊوڙائي,201
ڏ,201
ڏاها,201
ڏسڻي,201
ڏنڊو,201
رعنا,201
سانجهي,201
سڀان,201
سڏبي,201
سلهه,201
سنجر,201
سندءِ,201
عبدالحسين,201
ڦاسائڻ,201
قاتلن,201
قصيدا,201
گردن,201
گوشه,201
لپي,201
لله,201
ماريندو,201
منجھ,201
نفساني,201
ههڙو,201
بْنِ,200
بسن,200
بگٽي,200
بيسنت,200
پارٽ,200
پرمانند,200
پيرسن,200
پيسي,200
توبون,200
جلائي,200
حقوق,200
دارون,200
دٻجي,200
ذبح,200
ساراهيو,200
سومره,200
سيريز,200
شوخ,200
عارب,200
قرامطين,200
کِل,200
کند,200
ڪشادي,200
ڪليم,200
ڪماليت,200
ماريل,200
انگور,199
آکيرو,199
بحرين,199
پختگي,199
پهراڻ,199
چادرون,199
چٽن,199
دردناڪ,199
دلجاءِ,199
دلداري,199
رکين,199
سرسوتي,199
سنڌيت,199
سنهڙي,199
علمبردار,199
عن,199
ڪئمپس,199
گوڏا,199
لڙهي,199
ليڪو,199
مُئي,199
مائيڪل,199
مرڪڻ,199
موروثي,199
موھن,199
ناڪاميءَ,199
نينگري,199
ھٿيار,199
وتايو,199
ويجھي,199
ويرين,199
اهلِ,198
ايني,198
آبپاشيءَ,198
آغوش,198
بيقرار,198
ڀاري,198
پٽا,198
جلسن,198
خطو,198
دوکي,198
ڌوڻي,198
رايل,198
ريتون,198
سنجھوري,198
شهنشاهيت,198
طبيبن,198
طوفانن,198
فِي,198
فرنٽ,198
کائون,198
گفتگوءَ,198
لڌل,198
ليٿو,198
مائرون,198
نمودار,198
هيلٿ,198
وڌيون,198
الميو,197
امتيازي,197
انبوهه,197
اوهه,197
ايلچي,197
بخشش,197
بور,197
بيهارڻ,197
ٻارڙي,197
ٻانهين,197
ڀرواري,197
ڀوڳي,197
پڇيائون,197
پڪڙيو,197
پوندس,197
توقع,197
داڻي,197
ڏاندن,197
ذاڪر,197
زئي,197
سُٺو,197
ساهن,197
سڌارڪ,197
سڻ,197
شهمير,197
فلائيٽ,197
ڪچ,197
ڪندؤ,197
گوليءَ,197
لامحدود,197
ملاکڙي,197
منجھن,197
نقص,197
نيوي,197
هاڪڙي,197
هيتري,197
اَٺ,196
اصحابن,196
اهڃاڻن,196
اويس,196
آلا,196
بدي,196
برهه,196
ٽريڊ,196
ٽيوب,196
ثانيءَ,196
جبار,196
خونخوار,196
ڏنائينس,196
رسڻ,196
سڏيون,196
سيراب,196
فتاح,196
ڦريل,196
کپري,196
ماسٽرس,196
مانيون,196
مرحلا,196
مرندا,196
مزاح,196
مشڪي,196
مشيني,196
منڌ,196
نوَ,196
اڀرندڙ,195
اپٽار,195
اٿيا,195
اجر,195
الهام,195
بکيا,195
بوٽن,195
پرولي,195
پسگردائيءَ,195
پياسي,195
تاريخدانن,195
تنيو,195
ججن,195
چڙهندي,195
دٻو,195
درگاه,195
دفع,195
رفيع,195
رواجن,195
ساريءَ,195
سگهنداسين,195
سماٽ,195
سيڙپ,195
طوطي,195
غداري,195
ڪچن,195
ڪوٺڙيءَ,195
ڪيمانگر,195
گرانٽ,195
گريجوئيٽ,195
گھرج,195
مڙهيل,195
مفڪرن,195
نرس,195
نهاريندو,195
هيترو,195
ابوالبقا,194
اپر,194
اٽينڊ,194
اماڻيو,194
اولياءَ,194
آرا,194
بنديءَ,194
پڌر,194
پروف,194
پريشر,194
پکيڙڻ,194
پڻي,194
جهوپڙيءَ,194
چلت,194
چئلينج,194
ڇپايا,194
حيلا,194
حيوانن,194
خانم,194
داءُ,194
ڊانس,194
ڏاڍيءَ,194
ڏڻ,194
زيادتي,194
سلهاڙيل,194
شرير,194
عيوضي,194
فيوجي,194
کاهي,194
کيتر,194
ڪارآمد,194
ڪراڙي,194
گُم,194
گڏاپ,194
گھرجن,194
ڳاري,194
ڳالهائيندڙن,194
ڳڻيا,194
لمحا,194
مارين,194
موچي,194
موڪلين,194
هندستانين,194
اُتساهه,193
احد,193
الزامن,193
ايڪتا,193
بدترين,193
پينٽ,193
ترنم,193
جهاتي,193
جوکين,193
چؤڌاري,193
خواري,193
دراوڙي,193
رامچند,193
رپورٽر,193
طفيل,193
قبلا,193
کلئي,193
ڪِتاب,193
ڪروڙن,193
ڪمزورين,193
گدو,193
ڳوڙهي,193
محلن,193
مستحق,193
معلوماتي,193
ممي,193
نگان,193
وٺڻي,193
انوار,192
برهان,192
بوبڪائي,192
بيهندي,192
پاڻيهي,192
تازگي,192
چاڙهه,192
چڪن,192
حلاج,192
خبرداريءَ,192
خلجي,192
داتا,192
ڏتڙيل,192
رحمة,192
روپيو,192
سڀڪنهن,192
سنوت,192
سهرو,192
سوناري,192
شرع,192
شمشاد,192
ڪانفرنسن,192
ڪوڏر,192
گڏجڻ,192
لار,192
مجذوب,192
مفلس,192
نُور,192
نائيٽ,192
نقطو,192
نمازي,192
هزاري,192
واندڪائي,192
وشال,192
وهڪ,192
اَسان,191
اسدالله,191
القرآن,191
آتا,191
بحاليءَ,191
بلاغت,191
پاءُ,191
پيٽي,191
پيغمبرن,191
ترسيو,191
تيرن,191
جھڙيون,191
چترليکا,191
چٺي,191
چست,191
چناب,191
چوپايو,191
دٻا,191
دلو,191
ڊاهه,191
ڌاڳا,191
راءُ,191
رياضيءَ,191
سمائي,191
شَي,191
ڦرندا,191
کلون,191
ڪشالا,191
گهٽجڻ,191
لانچ,191
مرا,191
نارٿ,191
ورهه,191
وسائڻ,191
وياسون,191
يک,191
استوا,190
اصلاحي,190
العظيم,190
انڍڙ,190
آئيو,190
بتن,190
بخشيو,190
بکريءَ,190
پلاننگ,190
ثريا,190
جاڳڻ,190
جاڳو,190
جانچ,190
جيڪڏهين,190
چُڪي,190
چڱيون,190
ديوانو,190
ڏکوئيندڙ,190
ذوالقعد,190
ڌاڙي,190
ساٺ,190
سائينداد,190
سرحدون,190
سوالي,190
سوڀارو,190
شاهپور,190
شود,190
غزنويءَ,190
فرضي,190
کاتن,190
ڪاروائي,190
ڪنڌڪوٽ,190
ڪوٺيون,190
ڪيمپ,190
لونگ,190
ميڪسيڪو,190
نارمل,190
نعمتن,190
هاڪڙو,190
هڙاپا,190
ھميشھ,190
وسن,190
وگهي,190
وينا,190
يارنهن,190
ارپي,189
اسر,189
آشنا,189
بيگناهه,189
ٻيڻي,189
پختا,189
ٿوريون,189
جهوليءَ,189
چيڪي,189
حُسين,189
خُدا,189
ڏسيو,189
ذمي,189
ڌام,189
ڌنڌن,189
راهو,189
شڪايتون,189
غصو,189
ڪاڪي,189
ڪلانگ,189
ڳالهايان,189
لبنان,189
مرڪزن,189
ملو,189
ناپسند,189
نظريه,189
نويسي,189
هائي,189
هيروئن,189
ھڪٻئي,189
وچڙ,189
اجتماع,188
انڪاري,188
اوليائن,188
آهون,188
بيهندا,188
ٻائو,188
پتيءَ,188
پٽاٽا,188
پشيمان,188
پناهگيرن,188
تاڃي,188
تلوارون,188
ٿوم,188
جرنيل,188
جهازران,188
جهرڪي,188
چت,188
حرمين,188
راڳن,188
رباب,188
رنو,188
زاري,188
سڌار,188
سمجهيم,188
سنان,188
فلور,188
قبولي,188
قذافيءَ,188
ڪرمان,188
ڪڪرالي,188
ڪنيز,188
ڪوڪا,188
ڪيف,188
مَٽ,188
مبارڪون,188
مشورا,188
نظاماڻيءَ,188
ننڊون,188
هاڃيڪار,188
ھزارين,188
وهيءَ,188
اڪابر,187
آئرلينڊ,187
بوبڪ,187
ڀنڊار,187
تنظيمي,187
جاڳائي,187
جوڻس,187
چاٻي,187
چاڳلا,187
چنبيلي,187
ڇ,187
حادثا,187
خاصيتن,187
ڊئم,187
ڏاڍن,187
شيعا,187
فبروري,187
ڦڙي,187
ڪلان,187
گڏجاڻيءَ,187
ڳيچ,187
لکپت,187
لوءِ,187
مردم,187
مرون,187
نيول,187
هنکي,187
ھٿان,187
ھند,187
ونڊ,187
وهمن,187
ويهون,187
اداره,186
اردن,186
الاهيءَ,186
امروٽي,186
آدمشماريءَ,186
آمدرفت,186
آيد,186
بردار,186
ٻاٽ,186
ٻانها,186
پادرين,186
تجويزون,186
تخليقڪار,186
تولاءِ,186
ٽام,186
ٽب,186
ٽپا,186
جلاد,186
چانڊاڻ,186
خام,186
ديا,186
ڏانهنس,186
رتبي,186
ساجد,186
سڃاڻو,186
سڏڪن,186
فلئٽ,186
فيڊر,186
کڙ,186
ڪانو,186
گھوڙو,186
گوڏي,186
لنچ,186
لھڻ,186
مجلسن,186
مشڪلات,186
ملائڪن,186
نس,186
نگارن,186
هيلو,186
وڄڻ,186
يارهون,186
اباڻو,185
بچندو,185
برهم,185
بلائون,185
بيورو,185
ڀيد,185
پالڻهار,185
پنجويهن,185
ٿل,185
جائداد,185
ڄمائي,185
چپي,185
چولي,185
دُٻي,185
دفاعي,185
ڏهاڪن,185
ڌري,185
رسندو,185
رکنديون,185
روسو,185
زندگين,185
ساڙهي,185
سڪڻ,185
سهولتن,185
سوره,185
عهديدار,185
ڦُٽي,185
قداور,185
گفتا,185
گهٽايو,185
گهنٽي,185
لانگاهه,185
لائڻ,185
لڏڻ,185
مجبوريءَ,185
مرڳو,185
مهتا,185
نمازون,185
نهال,185
هارورڊ,185
هالي,185
اثرات,184
الرحمن,184
انڊلٺ,184
اڻپورو,184
بارگاهه,184
بطوطه,184
بمن,184
پڙي,184
پنجابيءَ,184
په,184
پوڙهن,184
ٽڪا,184
ٽڪيٽون,184
ڇاتين,184
ڇٻر,184
حفاظتي,184
خويش,184
دٻائڻ,184
دستوري,184
ڊائريءَ,184
ڏير,184
ڏيکاريائين,184
ذائقو,184
ساساني,184
سانگھڙ,184
سوڙ,184
شاهين,184
طمع,184
ڦٽڻ,184
ڦيرائڻ,184
کجور,184
گجراتيءَ,184
گنڌار,184
لاڏاڻي,184
مروت,184
ملٽريءَ,184
وائيٽ,184
ابوالڪلام,183
اونڌي,183
ايڪو,183
بصران,183
پاڳارو,183
پپر,183
پکن,183
تکا,183
جلسا,183
جلوو,183
حلقي,183
حياتيات,183
خچر,183
خوشبوءَ,183
دن,183
رُلي,183
ساند,183
سراپا,183
شاههڪشمير,183
شفٽ,183
شهزادا,183
کاڻين,183
ڪاميابين,183
ڪھاڻين,183
لٽريچر,183
مالوند,183
محاورا,183
محبوبه,183
مزاحمتي,183
مڙهه,183
وائيءَ,183
وڌائيندي,183
ويڪرا,183
اُٿڻ,182
اڳرائي,182
الجمال,182
ايذاءُ,182
آگاهي,182
بحيثيت,182
بولاخان,182
ٻُڏي,182
پتلو,182
پليگ,182
پيشه,182
تنهين,182
ٺاھڻ,182
ٿالهه,182
جُدا,182
جهڳڙو,182
جھٽ,182
چمڻ,182
ڇٽڻ,182
ڏنڊا,182
ڏياچ,182
ڏينهڙا,182
رانديڪا,182
رھائش,182
سچار,182
سروري,182
سيوھڻ,182
صفيه,182
عطار,182
غزالي,182
ڦليليءَ,182
قبوليو,182
ڳاڙهيون,182
ڳاهه,182
لُڙڪ,182
مڻيا,182
مولچند,182
نازي,182
ناشر,182
ههڙن,182
واڪو,182
ويڙهاڪ,182
ويھڻ,182
اڀ,181
ازانسواءِ,181
امنگ,181
اولڊ,181
پگھر,181
ترديد,181
ٺاهيندي,181
جنھنڪري,181
چُمي,181
چاڙهين,181
چوهاڻ,181
ڇڏڻو,181
درود,181
زندگيون,181
زيرو,181
سمجھو,181
سورنهن,181
شڪارپوري,181
صديقيءَ,181
ڪانفرنسون,181
ڪوڪلتاش,181
گهرواري,181
مُند,181
مِنۡ,181
مسافريءَ,181
معنائن,181
ملتوي,181
مهرچند,181
مورتيون,181
نشانين,181
نشريات,181
ننڍڙين,181
هلائين,181
وچون,181
وڻيس,181
ازان,180
ازخود,180
اشتياق,180
انچن,180
آٽو,180
باهيون,180
ٻيجل,180
پائوڊر,180
پيڙهي,180
ة,180
تبريز,180
تڪلف,180
ٽوپ,180
ڄميل,180
ڇڏائجي,180
حشو,180
حمزه,180
خاوند,180
دعوتون,180
زمانه,180
ساريو,180
سڃاڻين,180
سرسري,180
سشي,180
سعيو,180
سليس,180
سمندر,180
طلسم,180
گيون,180
ماثر,180
مشڪلاتون,180
هائوڪار,180
هائيڪو,180
ورجايو,180
اب,179
اشتراڪي,179
اطهر,179
افغانن,179
اڳٺ,179
الهڏنو,179
انڌيري,179
اڻٽر,179
آجا,179
آئينه,179
بارو,179
برانچ,179
بنگلن,179
ڀيڙو,179
پُڇي,179
پابنديءَ,179
پارٽنر,179
پيچيده,179
ٿئيس,179
جاگيراڻي,179
دربان,179
ڏِس,179
رڌڻي,179
رزاق,179
رکجانءِ,179
زنا,179
سَر,179
ستابو,179
سخا,179
سطحي,179
سگھڙ,179
سلسليوار,179
سوات,179
کاتا,179
گري,179
متي,179
مجرم,179
مڪر,179
ميرواهه,179
هاٿين,179
هيڻو,179
وانگ,179
اسپيني,178
بادام,178
بروهين,178
ٻيڙن,178
ڀنل,178
پرش,178
توانائيءَ,178
جُڙي,178
ڄاڻون,178
چڙي,178
خطرن,178
دارد,178
داعي,178
دلاور,178
دهلوي,178
ڍڳا,178
ڌوڪو,178
راجپوتانا,178
زاهده,178
سائمن,178
سمجھندا,178
شمسي,178
صفات,178
غازين,178
ڪانئر,178
ڪورين,178
ڪيپٽن,178
ڳڀرو,178
لاڪ,178
مناجات,178
موکي,178
ناتن,178
نڪته,178
هلائيندا,178
هوشنگ,178
وهندا,178
ويرا,178
اُڀو,177
اثرائتي,177
اڌورو,177
انشورنس,177
اوترا,177
آجپي,177
آرائين,177
آگرو,177
آنن,177
بادشاهيءَ,177
ٻرڻ,177
پارائي,177
پٺئين,177
پهچڻو,177
پياريو,177
پيئندي,177
تقوي,177
ٽمٽار,177
جاٽ,177
جنهنجي,177
خيرو,177
دهشتگرديءَ,177
رابيل,177
سنگتين,177
سياڻن,177
شگر,177
شيوڪ,177
صحيحون,177
عبدالحئي,177
عقيدا,177
عنه,177
فرقو,177
فصاحت,177
فلپين,177
قافلن,177
ڪانن,177
ڪچري,177
ڪڍو,177
لکپڙهه,177
مارڪيٽن,177
مدبر,177
نعرن,177
هوڏ,177
واڙي,177
ايام,176
بيروت,176
ٻَڌي,176
ڀال,176
پوڪرداس,176
پولار,176
پوندڙ,176
پيڙهيءَ,176
پيهه,176
تڻ,176
تھذيب,176
جبرئيل,176
جهڙ,176
جيسيتائين,176
چونڊڻ,176
حجري,176
خليفا,176
خودمختياريءَ,176
درياھھ,176
رکجو,176
رڪاوٽون,176
سٿڻ,176
سرداري,176
سونارا,176
شعلا,176
ڦار,176
کوليءَ,176
ڪوتاهي,176
ڪيوبا,176
گڏجاڻين,176
گولا,176
گيلاني,176
لاڏ,176
لاڳاپي,176
مزارن,176
ملڪان,176
منڪر,176
موبائل,176
نباتات,176
نڀايو,176
نظرثاني,176
نقشن,176
نوڪدار,176
ههڙا,176
هيڻي,176
ھميشه,176
ورندو,176
وريل,176
اُڀرندي,175
اُڀي,175
اُھا,175
اپاءَ,175
اختيارن,175
ادو,175
آبادين,175
بُڪ,175
بخشڻ,175
بلڙيءَ,175
ٻاهريان,175
پَٽَ,175
پُڻ,175
پاناما,175
پڙهان,175
توهانکي,175
ٽنگي,175
جنهنجو,175
چھري,175
خلاصو,175
دستو,175
دورا,175
ڏنگي,175
ڌماڪي,175
ڌمڪي,175
رازي,175
راولپنڊيءَ,175
روشناس,175
سرپرستيءَ,175
سرود,175
سمهاري,175
سهري,175
سيون,175
شيشا,175
شيشو,175
عضوي,175
عليڪم,175
عمان,175
عمدا,175
عهدا,175
ڪامڻ,175
ڪٺن,175
ڪٿائون,175
گاري,175
گهاءُ,175
گھٽيءَ,175
ڳنڍيو,175
لاثاني,175
مارڪسزم,175
مرثيه,175
ميڙڻ,175
نارما,175
نول,175
واڻئي,175
ابليس,174
ارسطو,174
بيچيني,174
بيوقوفي,174
ڀلوڙ,174
ڀير,174
پيسن,174
تنبيهه,174
ٽُڪر,174
چڙهندا,174
دريائي,174
ڍانچي,174
راهن,174
رهنداسين,174
سمجھاڻي,174
سونهون,174
سويل,174
طبعيت,174
فرمانبردار,174
گورنرن,174
ڳوليندو,174
لاکا,174
لکائي,174
مِٺا,174
ماريندا,174
مهراج,174
نفاست,174
هوشو,174
ھت,174
ھندوستان,174
اجھو,173
ازين,173
امڪاني,173
اهليت,173
اوتار,173
اونداهو,173
ايترن,173
ايڏيون,173
بالڪل,173
ٻرندي,173
ٻهاري,173
پرمار,173
پناھھ,173
تراريون,173
ٺٺ,173
ٺيڪو,173
ٿاڪ,173
جسامت,173
جوابن,173
جيرو,173
چاڪليٽ,173
حيراني,173
ڍڳن,173
ڌاڙو,173
رَسُولُ,173
رانديگرن,173
رفته,173
سرڪل,173
سنسان,173
سيفل,173
شلوار,173
صحن,173
صوفياڻي,173
ڦاهيءَ,173
گوا,173
مُلهه,173
متارو,173
محشر,173
منش,173
نگري,173
وارد,173
اتفاقي,172
اچيس,172
اگرچ,172
باغين,172
بيهه,172
پاڻُ,172
ٺھي,172
ٿيٽر,172
جائي,172
جهازين,172
چوهڙ,172
دُعا,172
ڌيوت,172
زيتون,172
سُتل,172
سجاولي,172
صورتخطي,172
ڦيرڦار,172
قصيدو,172
کڻندڙ,172
ڪٽڻ,172
ڪلف,172
لاري,172
لڳندڙ,172
لوڏو,172
مانگر,172
مايون,172
محاوري,172
مشاعرو,172
مطالع,172
مطيع,172
ناپاڪ,172
نظري,172
وارياسو,172
وٿون,172
يونائيٽيڊ,172
اسٽيشنون,171
بازارن,171
باڪمال,171
بھترين,171
بوڪر,171
ڀاشا,171
ڀاڻيجي,171
پابنديون,171
پريون,171
پوائنٽ,171
پوئي,171
جهرڪ,171
چاروءَ,171
ڊڄندي,171
ڌاريان,171
روشنائي,171
سڙهه,171
صدائون,171
طوفاني,171
عبدالرؤف,171
عشقيه,171
ڪچيون,171
گ,171
ڳجهو,171
لالچي,171
مارا,171
مزارون,171
معاشيات,171
منارو,171
ناما,171
نظاري,171
نفرتن,171
وڄايو,171
ورجائي,171
ويلا,171
اَ,170
اتحادي,170
الحيدري,170
برباديءَ,170
بڻ,170
بو,170
بيد,170
ڀائٽي,170
ڀڙڪو,170
پرڳڻن,170
پھتي,170
جڪڙيل,170
جياپو,170
چشمن,170
چڱائيءَ,170
ڇاپ,170
ڇهڻ,170
رائو,170
رسا,170
سُونهن,170
عبدالقيوم,170
غزني,170
فرقا,170
فروش,170
فيڪٽري,170
ڦٽائي,170
قابلِ,170
قاري,170
قلبي,170
ڪاريگريءَ,170
ڪاميابيون,170
ڪاھي,170
ڪبا,170
ڪجل,170
ڪوٽا,170
گندو,170
گونجي,170
لڙڪي,170
لنڪن,170
لنگ,170
مٽيارين,170
محبوبن,170
مصيبتون,170
معذرت,170
مورخن,170
مولف,170
نشينيءَ,170
ھوٽل,170
وسامي,170
وڪيو,170
ينبو,170
انڌير,169
آڪڙ,169
آهيجنهن,169
بخشل,169
بلندين,169
ڀاڳيا,169
ڀانءِ,169
پٿل,169
پسائي,169
پليون,169
پيرانديءَ,169
توري,169
جاڳندي,169
جپانيءَ,169
جٿي,169
جهم,169
جهوري,169
ديندار,169
ڏاڙهون,169
ران,169
ريڊيي,169
ساحلي,169
سپاھين,169
سه,169
سيکت,169
شھزادو,169
شيرازيءَ,169
صفدر,169
کجين,169
کيپ,169
ڪچرو,169
ڪمپيئر,169
ڪنجوس,169
ڪوٽوال,169
ڪورٽن,169
گهريائين,169
لومڙ,169
ماجرا,169
ماده,169
مالش,169
مالها,169
مانڊاڻ,169
ماڻهپو,169
مٽاسٽا,169
منظرن,169
موتيءَ,169
ميٺاج,169
وانگيان,169
وسندو,169
وظيفو,169
وڻڪار,169
ادائگي,168
اڏڻ,168
آڏواڻيءَ,168
باغيچي,168
ڀالا,168
پرتاب,168
پورچو,168
ترا,168
تصحيح,168
تقدس,168
جبلت,168
جڳهين,168
جماعتون,168
چيچ,168
ڇڙي,168
حاجت,168
ڊفينس,168
رُسي,168
ساءُ,168
سڙڻ,168
سنڌڙيءَ,168
شبيهه,168
فردوسيءَ,168
فرما,168
فقهه,168
قطعه,168
کرو,168
ڪهاڻيڪارن,168
ڪوڏي,168
ڪوه,168
ڪياماڙي,168
گن,168
گهمندا,168
گود,168
ڳائڻي,168
لفافو,168
لوح,168
ليڪچرر,168
ليئو,168
مِنَ,168
مامرن,168
مرڪيو,168
ملڪه,168
موچاري,168
نحو,168
نقد,168
نوڙي,168
هوتچند,168
ھنڌن,168
واعدا,168
ورڪس,168
اڏاوتي,167
ايندڙن,167
بٺي,167
بخارن,167
بذات,167
پراجيڪٽ,167
پکا,167
پھرئين,167
پينسل,167
ترو,167
تلوارن,167
ٺيڪيدار,167
ٽاڪرو,167
جاب,167
جهانن,167
جوئا,167
چائنا,167
چندرو,167
خليفه,167
ڏر,167
ڌيئرون,167
رنگا,167
سازشون,167
سگهبي,167
سنگين,167
فرضن,167
فوقيت,167
ڦهلائي,167
قوي,167
کُليل,167
ڪوهن,167
گدام,167
گذاريون,167
گور,167
ڳڻيو,167
لالو,167
لنگهندڙ,167
ماسات,167
مدفن,167
مرڻو,167
نشيني,167
نقطئه,167
نيزي,167
ھاري,167
ھونئن,167
وڙي,167
ولڀ,167
احمق,166
اوٺو,166
اولڙو,166
ايجنسي,166
ائٽم,166
آليون,166
باندي,166
برن,166
بيمارن,166
ٻاويهه,166
ڀرون,166
پالش,166
پڦي,166
پنڌرهن,166
ٺهه,166
ٿيسز,166
جيد,166
چانڊئي,166
ڇم,166
ڇنڀ,166
راشن,166
رڌڻ,166
رھندڙ,166
سمٿ,166
سهوليتون,166
سيڪيولر,166
قادن,166
قاصر,166
ڪولمبيا,166
گروي,166
گوپانگ,166
گوريون,166
ڳن,166
لابارو,166
لقاءُ,166
ماڪوڙيون,166
مالديپ,166
متقي,166
محاورو,166
مونجهارو,166
اپت,165
استحصالي,165
انڊسٽري,165
اڻلڀ,165
بدل,165
بگڙي,165
بناوٽ,165
بهرو,165
بيجا,165
بيزاري,165
ٻاريو,165
ڀاڀي,165
پرڻيل,165
پڪڙڻ,165
پنهوار,165
پنھنجيءَ,165
ٺونٺ,165
ٽماهي,165
جاڳندو,165
جوائنٽ,165
ڄاڻندا,165
چلم,165
ڇاپيو,165
ڇڙواڳ,165
ڇڪايو,165
حوا,165
حوصلا,165
درٻارين,165
ڍُڪ,165
سڃ,165
سرگرميءَ,165
سموريءَ,165
سيستان,165
عبدالمطلب,165
قصيده,165
ڪاڪو,165
ڪڙڪي,165
ڪيپ,165
ڪيڏارو,165
گوش,165
ڳجهارتون,165
لاٿي,165
لڀ,165
ماحولياتي,165
مائونٽ,165
مجسمي,165
مرمر,165
مسودي,165
مڱريو,165
مھراڻ,165
موسى,165
موڪلاڻي,165
مؤمن,165
مئڊم,165
نابري,165
ناڪ,165
نوڪرياڻي,165
وريا,165
ابوالفضل,164
احمدآباد,164
اڳڪٿي,164
الصلواة,164
العلم,164
ايگزيڪيوٽو,164
بختيار,164
بدلجندڙ,164
بياس,164
ٻارهون,164
ٻانڀڻ,164
ٻڌبو,164
ڀائيچاري,164
پَرَ,164
پهچائيندا,164
ٿرڙي,164
جاچڻ,164
جوڙيون,164
چير,164
حُڪم,164
حرفن,164
ڊرامه,164
ڊيوٽيءَ,164
رَت,164
راتو,164
رڙين,164
سپلاءِ,164
سرڳواسي,164
سوي,164
طالبن,164
غبار,164
فتوحات,164
ڦٿڪي,164
ڪالاباغ,164
ڪائونٽر,164
ڪبايان,164
ڪشور,164
ڪلهو,164
ڪنان,164
ڪنگڻ,164
گڏجاڻيون,164
گوپال,164
ڳولهڻ,164
معزول,164
ملهن,164
منتظم,164
موچڙا,164
مينگهواڙ,164
هام,164
وهه,164
احڪام,163
ادبيات,163
ارنيسٽ,163
الخ,163
بام,163
بدقسمتي,163
بستيءَ,163
ٻارين,163
پاتا,163
پڳدار,163
پورب,163
ٿ,163
ٽائٽانڪ,163
جيوڻ,163
ڇند,163
حرڪتن,163
داڻن,163
دينار,163
رهائي,163
روٽ,163
رياضي,163
ساماري,163
ساڻو,163
سپ,163
فنلئنڊ,163
ڦڙ,163
ڦڦڙن,163
ڪڙمي,163
ڪسي,163
گجر,163
گرمين,163
گهڙيل,163
لائسنس,163
لغام,163
لکندس,163
لکڻيءَ,163
مُون,163
ماءِ,163
ماهيت,163
مڃيندو,163
مرادياب,163
معائنو,163
معبود,163
مهڪ,163
نٿ,163
نصابي,163
نفل,163
نگاه,163
نوڪ,163
واڪي,163
والٽيئر,163
وجهو,163
اڏامندڙ,162
اشوڪ,162
اڻپوري,162
اوڍي,162
اولھ,162
بازاريون,162
بتاريخ,162
بلڊ,162
بڻجن,162
ٻڌان,162
ڀٽڪي,162
ترائي,162
تين,162
ٿم,162
جواهرن,162
جوڙائي,162
جوڻ,162
ڇٽيءَ,162
خٽڪ,162
ڏھ,162
رواداري,162
سڃاڻن,162
سونهين,162
سئوٽ,162
شرابي,162
طريقه,162
عهدنامي,162
ڦوٽو,162
قربانين,162
ڪارروايون,162
ڪاني,162
ڪندن,162
ڪوئلو,162
لکيت,162
متوجهه,162
ملوڪان,162
منڊيءَ,162
مھينن,162
نقادن,162
هُجن,162
هلنداسين,162
هيڻن,162
واءِ,162
واپاريءَ,162
ويهو,162
افتخار,161
بخشو,161
بھرحال,161
بيروني,161
ٻاگهي,161
ٻلو,161
پرسڪون,161
پيپلزپارٽي,161
تاءُ,161
ٺار,161
ٿڌڪار,161
ث,161
جرسي,161
جنجال,161
جھليو,161
چتاءُ,161
ڏاڍيان,161
ڏيپلائيءَ,161
ڌاتن,161
رخصت,161
سِرُ,161
سود,161
سوڳ,161
شڪاگو,161
طهر,161
فرانسي,161
ڪاڪوس,161
ڪريڪ,161
ڪئلينڊر,161
گسي,161
گلگت,161
مرضن,161
مڱڻو,161
ميراث,161
نوازشريف,161
هلايا,161
هنري,161
ويراني,161
اخذ,160
اسيمبلين,160
اوهانجو,160
ايامن,160
آهنگ,160
بدبوءِ,160
برتري,160
پُٺ,160
پالڪ,160
پاڻَ,160
پائينديون,160
ترجمن,160
چانئٺ,160
حقي,160
خارش,160
ڏوھ,160
رابطا,160
روپئي,160
سنوارڻ,160
صحي,160
صليبي,160
عقاب,160
عيدن,160
فتوائون,160
قاهره,160
ڪات,160
ڪرامتن,160
ڪوسي,160
گاھ,160
گورک,160
لفافي,160
ماتلي,160
معاوضي,160
معدني,160
منجھند,160
موذي,160
نڙي,160
هجر,160
ھاءِ,160
ورڪنگ,160
وصفون,160
اشعار,159
الدوله,159
باشندن,159
ٻروچن,159
ڀڙو,159
پراڪرت,159
تهڙا,159
ٽهي,159
جفا,159
جکرو,159
چاند,159
چوگرد,159
حديثون,159
ذميدار,159
راوڙ,159
رتوڇاڻ,159
ريگستاني,159
زهريلي,159
سمرقند,159
سنڌيانا,159
صنعتون,159
صنفون,159
طبقات,159
عع,159
قل,159
کؤن,159
ڪونڌر,159
گربخشاڻي,159
ڳوٺاڻو,159
ڳوهه,159
مڇرن,159
مشير,159
مطابقت,159
نمائنده,159
نوشهروفيروز,159
وبا,159
ويلفيئر,159
ياقوت,159
الموليٰ,158
امتحانن,158
اميدوارن,158
اڻاٺ,158
اڻويهين,158
ايجنٽن,158
آرگنائيزيشن,158
آفريڪن,158
باگي,158
برازيل,158
ٻڍڙي,158
ڀاڄ,158
پرو,158
پيڙهين,158
پينگهي,158
تاراچند,158
تاڪ,158
چٽيو,158
چونديون,158
چوڻيءَ,158
ڇُهي,158
ڇڻ,158
خوديءَ,158
خيراتي,158
دعويدار,158
ڏبي,158
رونما,158
ساڃهه,158
سجاڳيءَ,158
سجدا,158
سندرو,158
سيرانديءَ,158
شاستر,158
عابده,158
عبدالغني,158
فولاد,158
قادريءَ,158
ڪنيا,158
ڪيچي,158
گاهي,158
گلڊ,158
لام,158
لٽو,158
مَنَ,158
متوفي,158
معدي,158
مقرري,158
منجهائي,158
منصوبا,158
نائونمل,158
هٽن,158
هرڪا,158
هفت,158
هلجي,158
همراز,158
وطني,158
افق,157
امامن,157
اوپن,157
ٻوڙا,157
پاڪيزه,157
پڇتاءُ,157
پڙهيون,157
تناسب,157
جهوپڙي,157
جھيڙو,157
چراند,157
چرچي,157
چوڏس,157
حنا,157
ڏجو,157
ڏيل,157
رامائڻ,157
ريڍار,157
زادي,157
زبردستيءَ,157
سُئي,157
سهتي,157
سودا,157
سيمنٽ,157
صوفيءَ,157
عنبر,157
فرمانبرداري,157
ڦٽيءَ,157
قطع,157
ڪپور,157
ڪلھوڙن,157
گهرائيءَ,157
گهرندا,157
گهڻائيءَ,157
لڙاين,157
لوھار,157
مدرس,157
منتشر,157
منصف,157
نافرماني,157
ناکئي,157
نفاق,157
نيهن,157
هلايون,157
ھلائڻ,157
اُٿ,156
اجهي,156
آندائون,156
پنجابين,156
ترسيل,156
ٺڪرن,156
ٽڪرائجي,156
ٽيڪنيڪل,156
جرڪي,156
جيلانيءَ,156
چاڻڪيه,156
چڻا,156
خدابخش,156
خوبيءَ,156
دراني,156
ڊش,156
ڏسندڙن,156
رچي,156
رڙي,156
رڳي,156
رويا,156
سڌري,156
سگنل,156
سگھ,156
صادر,156
ضابطن,156
طنزيه,156
قالب,156
قبله,156
قدمي,156
کوسا,156
ڪاسائي,156
ڪچين,156
ڪڏھين,156
ڪريمﷺ,156
گردي,156
گلابن,156
گناه,156
گهرون,156
گهم,156
گهمسان,156
لکنؤ,156
متبادل,156
مڃ,156
منارا,156
منجهائن,156
نصيحتون,156
وڌن,156
ورت,156
ونسي,156
وھي,156
اُڏام,155
آرڪائيوز,155
بيباڪ,155
بئريسٽر,155
ڀوپال,155
پُڇيو,155
پچر,155
پلاءُ,155
پلانٽ,155
پناهگير,155
تابوت,155
تالو,155
چرٻي,155
چوڙين,155
دستخط,155
دليريءَ,155
ڏڪندڙ,155
ڏياريندڙ,155
رڪ,155
رندن,155
سرا,155
سماءُ,155
سونهي,155
شيديءَ,155
صاحبِ,155
طرفدار,155
علامتي,155
عياشيءَ,155
ڦاٿو,155
ڪرندي,155
ڪنهين,155
گابو,155
لاڙا,155
مٿينءَ,155
ملڪيتون,155
موتمار,155
مؤثر,155
نچوڙ,155
نراڙ,155
نرمي,155
نڪرنديون,155
نياپا,155
هرڻي,155
هستين,155
وٺرائي,155
وجهجي,155
اسپورٽس,154
اوپري,154
اوتي,154
آڻيندڙ,154
بغل,154
بلخ,154
بينڪ,154
ٻڌايائون,154
ٻوٽيون,154
ڀائيندو,154
ڀوتار,154
پاڪيٽ,154
پٻ,154
پٺن,154
پٽاٽن,154
پست,154
پکڙيو,154
پنچم,154
پيئن,154
تاهم,154
تڏو,154
ٺاھيو,154
ٺهڪي,154
جلندڙ,154
جم,154
جهيڙن,154
حور,154
ديون,154
ڊاڪو,154
روبل,154
ريڪارڊ,154
سپوت,154
سگھين,154
سنڀاليندڙ,154
سيئي,154
شبد,154
فرم,154
ڪانگريسي,154
ڪجان,154
ڪڍائي,154
ڪنواريون,154
ڪوڙيون,154
ڪولا,154
گُلن,154
گھربل,154
لنڊ,154
لنگهيا,154
ماستري,154
مالڪي,154
مشاهير,154
معاملات,154
معاوضو,154
نانو,154
نرميءَ,154
نورجهان,154
اسپنوزا,153
الذين,153
المتوفي,153
اوڏو,153
ايريا,153
بحواله,153
برآمد,153
بولان,153
بيخبر,153
ٽارڻ,153
ٽانڊن,153
جُوءِ,153
جهمر,153
جھازن,153
جوابي,153
چيون,153
حيدرآبادي,153
خوارزم,153
ڊوڙندا,153
زبر,153
سلسلن,153
سڻائي,153
سوڌي,153
صدمي,153
ضلعا,153
علامتن,153
کول,153
ڪُٽي,153
ڪنو,153
گائڪ,153
گڏھ,153
لاءَ,153
مڌر,153
مڙسي,153
مطالبا,153
منگيءَ,153
ميچ,153
ناشاد,153
ناڪاري,153
نانءَ,153
نراس,153
ننڍڙيءَ,153
هلائيندي,153
وائرس,153
وڇوٽي,153
وزيراعلى,153
ويڌن,153
اُڪيريل,152
اسير,152
اگني,152
اڳلي,152
آبشار,152
بازاري,152
برائيءَ,152
ٻوڏن,152
ٻوڙو,152
پرڻائي,152
پڙهايا,152
ترسو,152
ٿيئي,152
ثاقب,152
جنيوا,152
جوکو,152
خطيب,152
دبئيءَ,152
دعوا,152
دليءَ,152
دؤرن,152
ڊولپمينٽ,152
ڏاھر,152
ربط,152
رسائڻ,152
زاد,152
سَو,152
ساڪاموتو,152
سمجهائيندي,152
سوداگرن,152
شاهبندر,152
شاهديون,152
شورش,152
شيئر,152
ضيا,152
غريبي,152
غليظ,152
فارين,152
فرات,152
فروٽ,152
کٽن,152
ڪلاسن,152
ڪميونسٽن,152
گٽر,152
گذاريم,152
گفتو,152
گهُر,152
گهربو,152
ڳالھايو,152
لائن,152
لٽجي,152
لڇڻ,152
لڪشمي,152
لوچ,152
ليڙون,152
مرادون,152
مڪئي,152
موڪليائون,152
ناسور,152
ناشتو,152
نيئي,152
هسٽاريڪل,152
هلبو,152
ھم,152
وٺنديون,152
وڻندا,152
ويڻ,152
يونيورسٽيون,152
ايذاءَ,151
ايڪي,151
براڊ,151
بريڪ,151
پبلڪيشن,151
تابعداري,151
ترارين,151
ترڪستان,151
تنزانيا,151
تيڏي,151
ٽوليون,151
ٽوني,151
جماعتي,151
چا,151
چاهن,151
چيئرمن,151
خديجه,151
خفيف,151
ديڳ,151
ڊيولپمينٽ,151
ساهيڙي,151
سرهائي,151
سڪائي,151
سهسين,151
سوادي,151
شاڪر,151
فاروقي,151
فائق,151
فطرتي,151
ڪَر,151
ڪوهستاني,151
گورن,151
گونج,151
ڳائين,151
مالهيءَ,151
مسيحا,151
مشائخن,151
مڪراني,151
مولودن,151
ننڍ,151
هباري,151
هوندائين,151
هيرآباد,151
واويلا,151
وسريو,151
وصفن,151
وهاري,151
اُڀريو,150
اٿ,150
انصافي,150
ايلزبيٿ,150
آفاق,150
آڻيون,150
بنيا,150
ٻارَ,150
ڀالو,150
ڀينر,150
پابندين,150
پٽالا,150
پٽس,150
پنجٽيهه,150
پهچائيندو,150
تشبيهون,150
تيزاب,150
جلاوطنيءَ,150
چان,150
ڇلو,150
خرابيءَ,150
دريائن,150
دستن,150
زرين,150
سرنگهه,150
شابس,150
شپنگ,150
شمشيرالحيدري,150
فرشتن,150
ڦُل,150
کٻڙ,150
کرج,150
ڪرامازوف,150
ڪمرشل,150
گهمائڻ,150
لاٿا,150
مداحون,150
مرادو,150
مرهٽن,150
مستحڪم,150
مشاعري,150
مهاڏو,150
موئن,150
هالاڻيءَ,150
وڙهن,150
وسڪي,150
استحڪام,149
الحاج,149
اوستائين,149
اوني,149
ايلاز,149
بچاءِ,149
برهما,149
پٿوري,149
پٽين,149
پهرن,149
پويس,149
تبليغي,149
ٽامو,149
جب,149
جوکيا,149
چنو,149
ڇالاءِ,149
خلقڻهار,149
خواھش,149
دانھن,149
دوهي,149
ڊاڪٽريٽ,149
ڊول,149
ڏٿ,149
روڳي,149
زبيده,149
زهد,149
سستيون,149
سعي,149
سنهيون,149
سهو,149
سيڪشنشاعري,149
شاداب,149
شيشن,149
صبغت,149
عدالتن,149
علحده,149
فلاحي,149
ڦرن,149
ڪاپڙي,149
ڪاشي,149
ڪوريءَ,149
ڪوسو,149
گاني,149
گدواڻي,149
گڏو,149
لوڏ,149
لوڙهه,149
ليٽيل,149
ماڙين,149
ماسترن,149
مبهم,149
مصوريءَ,149
منصوبن,149
مهاڻي,149
موٽندو,149
نرالا,149
نئروبي,149
نئي,149
هز,149
هنس,149
هڻائي,149
وَرَ,149
واهپي,149
وٺائڻ,149
وٺين,149
وڄت,149
وڏائيءَ,149
وغيرهه,149
وندرائڻ,149
يوم,149
اُڀرڻ,148
اتاهين,148
اڪيلائپ,148
اند,148
بالٽيمور,148
ٻوري,148
پاتائين,148
پٽيو,148
پرچارڪ,148
پرديوت,148
ٽلٽي,148
جادوگر,148
حرفي,148
حنفي,148
خياليءَ,148
دڪاندارن,148
ڍانچو,148
ڍرو,148
ڏھن,148
ڏيکاريون,148
ڌيري,148
رکب,148
روغن,148
ستاره,148
سهائي,148
سهڪاري,148
ڪاڇو,148
ڪرتب,148
ڪيريئر,148
گُهر,148
گهرايا,148
گهڙيا,148
لوڏا,148
لئمبرڪ,148
مَلڪ,148
مارواڙ,148
مٿانئس,148
مڇون,148
مرحبا,148
نندو,148
والن,148
ير,148
اذيتون,147
اڪري,147
اوڏي,147
اوليت,147
آڏي,147
آين,147
برگيڊيئر,147
بروهيءَ,147
بيواهه,147
پھاڪن,147
پھر,147
ٺيٺ,147
ٽٽو,147
جامو,147
جهيڻي,147
چرخي,147
چينل,147
خريف,147
ڍڪجي,147
ڍؤ,147
راڻيپور,147
زبير,147
زلزلو,147
سَوَ,147
ساڍن,147
سانئڻ,147
سپريڊنٽ,147
ستايل,147
سڌيون,147
سرت,147
سنهڙو,147
سنيهو,147
سونل,147
شعاع,147
ڦڪو,147
ڦوڪي,147
ڦوهه,147
ڪامورو,147
ڪرامتون,147
ڪوريائي,147
گارين,147
گوئيءَ,147
ماٺو,147
مولويءَ,147
مينا,147
هندوستاني,147
هولي,147
وڇون,147
ويسر,147
يافت,147
اڏايو,146
ارادا,146
اسڪالرشپ,146
اشتراڪيت,146
الجزائر,146
ايشين,146
آهسته,146
بدبخت,146
بيش,146
بيڪسٽر,146
پتنگ,146
پيئون,146
تعميرات,146
تڪبير,146
ٿنڀا,146
ٿياسون,146
ٽٻي,146
ٽياس,146
جوتي,146
جوڙايو,146
ڄ,146
چرخو,146
حرارت,146
خذمت,146
خوان,146
داناءُ,146
دعويٰ,146
ڍال,146
ڏوڪريءَ,146
ڏيهن,146
راغب,146
ساموئي,146
سپاهه,146
سلطاني,146
صندل,146
علميت,146
فائدن,146
فرمايائين,146
فريڊرڪ,146
فعلن,146
فئڪٽري,146
قانوندان,146
ڪٽيو,146
ڪملا,146
ڪنڌي,146
ڪول,146
ڪيليفورنيا,146
گورو,146
ڳنڍجي,146
ڳوليندي,146
لاڳيتي,146
مائو,146
معجزا,146
مهرون,146
موڪليان,146
موومينٽ,146
نوحاڻي,146
ھوش,146
ھيٺين,146
وکري,146
ويٺلن,146
اٿينس,145
اميرخان,145
آدرشن,145
آنڌ,145
آڻيان,145
بخوبي,145
بدلجڻ,145
بدنامي,145
برلن,145
برنگي,145
بزرگي,145
بنارس,145
بهتريءَ,145
بيٺڪ,145
ٻڙي,145
ڀاوَ,145
پارليامينٽري,145
پايه,145
پنھنجون,145
پهلوي,145
پياڪ,145
پيروڪار,145
تميز,145
تنتي,145
ٺڪاءَ,145
ٺوڪي,145
ٿڏي,145
ٽوئرسٽن,145
ٽيهارو,145
جاڙي,145
جهرڪيءَ,145
جوٽي,145
چاڙهيءَ,145
چالاڪي,145
چاولا,145
ڇانوڻيءَ,145
ڇڪيو,145
خريداريءَ,145
خواهشمند,145
دادي,145
درٻيلي,145
درڪار,145
دکائي,145
ڊارون,145
ڊرائيونگ,145
ڊيل,145
راڌا,145
رانڪ,145
رڙهي,145
سبڻ,145
سڏائيندا,145
سڏيا,145
سريلي,145
سمجھندو,145
سوڊان,145
شائق,145
شڪن,145
عراقي,145
فرزندن,145
قتلام,145
قرضن,145
ڪارائتي,145
ڪاهيو,145
ڪڍجي,145
ڪمر,145
ڪيرائڻ,145
گروشينڪا,145
گهايل,145
گئي,145
لقاءَ,145
ليون,145
ماسايو,145
مامري,145
مٺاڻ,145
مڃيا,145
مڃيندا,145
مزدڪ,145
مصوري,145
منگهو,145
نشاط,145
نفسي,145
نک,145
هرو,145
ھوڏانھن,145
ورهاڱو,145
ولايتي,145
اسٽيشنن,144
اڳرو,144
برادر,144
برطرف,144
بهانا,144
ٻانهيون,144
ڀ,144
ڀائٽيو,144
پائيپ,144
پڇندي,144
پرائو,144
پرساد,144
پيڻ,144
پئون,144
تپاس,144
تشريف,144
جني,144
ڇائنجي,144
حشمت,144
خلوت,144
خيري,144
درآمد,144
ڏوکي,144
راءَ,144
راست,144
رسن,144
رسيا,144
رهزن,144
سِٽ,144
سمجهيائين,144
سهمت,144
شِوَ,144
شڪيل,144
عبدالسلام,144
فوٽا,144
فورٽ,144
کنيم,144
کهاوڙ,144
ڪِرڻ,144
ڪاريگري,144
ڪاڳر,144
ڪانڌ,144
ڪندينءَ,144
گڏهن,144
گندگي,144
گهڙو,144
لبن,144
لکڻو,144
لڪن,144
ماترائن,144
ماٺار,144
ملاکڙو,144
مهدوي,144
مهري,144
ميس,144
نانيءَ,144
هڻندڙ,144
واصل,144
والسلام,144
واهپو,144
وتندو,144
يتيمن,144
اَنُ,143
احمدي,143
اصلوڪو,143
اگھاڙو,143
امي,143
انشاءَ,143
اولھه,143
بدامني,143
بشارت,143
بنائين,143
بواءِ,143
بيتاب,143
بيزاريءَ,143
ڀڄندي,143
پبلشنگ,143
پذيرائي,143
پرايائين,143
پريل,143
پڙلاءُ,143
پڙهجي,143
پنجواڻي,143
پوراني,143
پولينڊ,143
تجرباتي,143
ٿڌيون,143
ٽلٽيءَ,143
ٽوليءَ,143
ڇورا,143
حافظي,143
خرد,143
دانائي,143
ڍري,143
ڏاکڻين,143
رپورٽون,143
رسيءَ,143
رفيقن,143
روپا,143
روپوش,143
سريلو,143
سنديلي,143
سوائي,143
شاپ,143
صاحبان,143
طاق,143
غازيءَ,143
فرنگي,143
ڪيفيتون,143
لاشعوري,143
لٽا,143
مانڌ,143
مبلغ,143
مڙهڻ,143
ملول,143
نوادرات,143
هراس,143
وڇونءَ,143
وهاڻي,143
ادني,142
اڏن,142
افروز,142
اڪر,142
المعروف,142
انڌ,142
اوست,142
ايڪشن,142
آپگهات,142
بسترو,142
پرچائڻ,142
پرماتما,142
پلجي,142
پورت,142
تانگهه,142
ترندي,142
ٿڪاوٽ,142
ٽيمپل,142
جاڳن,142
جانسن,142
جٺ,142
جنھ,142
جھڪي,142
جوتا,142
جوڳ,142
چليءَ,142
چؤواٽي,142
حرڪتون,142
حسي,142
حلقو,142
خلقيو,142
دلاسا,142
ڏنڀ,142
ڏئين,142
راڳڻيءَ,142
رتنا,142
رسيده,142
رمل,142
ساڻي,142
سمجهدار,142
ضميمي,142
عبدالهادي,142
عمراڻي,142
فرشتو,142
ڦرين,142
ڪارگو,142
ڪٿائن,142
ڪٽپر,142
ڪرشنا,142
ڪڙا,142
ڪمانڊ,142
ڪيڏيون,142
ڪيرن,142
گاڏڙ,142
گهرندي,142
گھٽجي,142
گھٽين,142
گوندر,142
لمحو,142
ماخذن,142
متعين,142
ملاکڙن,142
مهاراشٽر,142
مھينا,142
موچڙو,142
نڀاڳو,142
نکاد,142
نھاريو,142
نيازي,142
هڻان,142
هياسين,142
ھندي,142
وڄن,142
وردي,142
وضع,142
وهانءُ,142
وهائڻ,142
يادگيريءَ,142
اثرائتو,141
انعامن,141
اوٺي,141
اوم,141
ايماني,141
آنڊا,141
باراني,141
باشندا,141
برفت,141
بڻبو,141
بوائز,141
پاليل,141
پتن,141
پليءَ,141
تصوراتي,141
تئين,141
ٺهنديون,141
جارجيا,141
جاڙا,141
چنانچه,141
ڇاپاڪو,141
ڇڏيس,141
ڇنڊا,141
ڇوٽ,141
خاڪسار,141
خفيه,141
داشت,141
دٻن,141
دھليءَ,141
ڊڄندو,141
ڏڪڻ,141
ڏهاڙن,141
ڏيج,141
زرداريءَ,141
زريءَ,141
ساڌن,141
ساهيڙين,141
ساون,141
سنجيدگي,141
سهاڳ,141
ظاھري,141
فريادي,141
فرينچن,141
فنون,141
قسطن,141
ڪابھ,141
ڪسوٽي,141
ڪمبوڊيا,141
ڪميونيڪيشن,141
ڪوٺيندا,141
ڳولها,141
لڳائيندا,141
ماديءَ,141
ماڻيندو,141
مجسما,141
مستان,141
مليريا,141
منڊلي,141
مھرباني,141
موريو,141
موڙڻ,141
ميرل,141
نڪتن,141
نمبرن,141
هٻڪ,141
هنئين,141
وٺنداسين,141
وحيد,141
وڪڻندا,141
اُبتڙ,140
آئيا,140
بهبود,140
ٻوڙن,140
پايان,140
پروجيڪٽ,140
تدفين,140
توتان,140
ٽول,140
جنبي,140
جهجهي,140
جيئرن,140
چکي,140
چماٽ,140
ڇتين,140
خامين,140
راڄڌاني,140
رائيٽر,140
رچيل,140
ساروڻيون,140
سرها,140
سمجھايو,140
عتاب,140
عليھ,140
فرج,140
فقهي,140
فڪشن,140
فهميءَ,140
قبيلائي,140
کٿوري,140
کٽو,140
کيڙي,140
ڪَري,140
ڪرسچن,140
ڪينيڊي,140
گُر,140
گرئجوئيشن,140
گستاخي,140
ڳ,140
لاشاريءَ,140
لاوارث,140
لکيم,140
ليڪس,140
مڇن,140
مهورت,140
موڙيو,140
ناميارن,140
هِتان,140
هالينڊ,140
هٽڻ,140
واسينگ,140
وائکو,140
وتندا,140
وچولو,140
وڪڻندو,140
وڳڻ,140
وڳهه,140
اُٿل,139
اڌو,139
افعال,139
اڪير,139
الهامي,139
اوطاقن,139
آسائش,139
باوقار,139
بچن,139
بيني,139
ٻارڙو,139
ڀِت,139
پَسي,139
پارکو,139
پرکيو,139
پوتي,139
پورس,139
تاجو,139
تجلي,139
ٽرانسپورٽ,139
جٿو,139
جداگانه,139
جهڙوڪر,139
چالاڪيءَ,139
چريائپ,139
ڇٽل,139
حسني,139
خميسو,139
خوشنصيب,139
ڊڄڻ,139
ڊيوڊ,139
ڏڌ,139
ڏسبا,139
ڌارڻ,139
رکندس,139
رمزن,139
روضو,139
رولو,139
سندري,139
شاهجهاني,139
شڪارين,139
شميم,139
عرق,139
عسڪري,139
عليڳڙهه,139
فتني,139
کوهي,139
ڪلوگرام,139
ڪيڏانھن,139
گهراين,139
ڳڙي,139
لٺيون,139
ليڪون,139
مخفف,139
مشڪن,139
معاش,139
مڪار,139
نازنين,139
نھاري,139
وڇائڻ,139
وعدي,139
اَڄ,138
اِتي,138
اٿارڻ,138
اثبات,138
اسٽيڊيم,138
اڳوڻن,138
البم,138
انگي,138
ايراضين,138
بانسري,138
بتيءَ,138
ٻارهوئي,138
ڀاڄيءَ,138
ڀريءَ,138
پراون,138
تازه,138
تپش,138
تجنيس,138
تيارين,138
ٺٽ,138
جيفرسن,138
ڇنو,138
دائرن,138
دودا,138
دوهو,138
ديهون,138
ڊونالڊ,138
ڍڳيون,138
ڏيٺ,138
ڏيکاءُ,138
راڙو,138
رسالت,138
زد,138
زيرين,138
ساڳ,138
سستا,138
سڳورو,138
سميجن,138
شيخن,138
عاملن,138
فوجدار,138
کُٽي,138
ڪڇيو,138
ڪميت,138
گهرواريءَ,138
گهوريو,138
گھمي,138
گواهي,138
لايو,138
لين,138
مِٺو,138
مباحثي,138
مهيش,138
نابين,138
نمازن,138
واهڙ,138
ياسر,138
اُڀا,137
ابد,137
اڃايل,137
العالمين,137
الڪريم,137
آڇي,137
آقائن,137
بالاتر,137
برش,137
بلور,137
ڀاڻس,137
پرڻي,137
پلڪ,137
پهچائين,137
پورڻ,137
پيدائشي,137
تحمل,137
ترائيل,137
ترخاني,137
تني,137
تيرهون,137
ٽوهه,137
ٽيڪسيءَ,137
جميله,137
چيلهار,137
حاشين,137
حالي,137
حسينا,137
دلشاد,137
ديپڪ,137
ڏيا,137
ساجهر,137
ساريان,137
سامت,137
سڀڪا,137
سرخرو,137
شاھوءَ,137
شناخت,137
شيعن,137
طالبان,137
ڪتبن,137
ڪنهنجو,137
ڪڻ,137
گچ,137
لاريءَ,137
محروميءَ,137
مذڪر,137
مورک,137
ميونسپالٽي,137
نظرداريءَ,137
نوٽس,137
وليج,137
اڀي,136
اٽڪائي,136
ادارت,136
القاسم,136
النساءِ,136
بندرگاه,136
بوزدار,136
بيرم,136
ٻَڌل,136
پڙھيو,136
پلستر,136
پورچوگيزن,136
پيچري,136
تاس,136
ٿنڀي,136
جاپاني,136
جنگل,136
جهار,136
جهر,136
جهنڊا,136
ڄمايو,136
ڄڻو,136
حميرا,136
حياتياتي,136
خاميون,136
دستاويزن,136
ديهن,136
ڍورا,136
ڍوئڻ,136
ڏوٿي,136
ڌاڪو,136
سالا,136
سگھڙن,136
سنديون,136
سنڌيا,136
سنگھھ,136
صفي,136
عائد,136
عبدالصمد,136
عبوري,136
عذابن,136
عيبن,136
ڦوڳ,136
ڪاوڙيو,136
ڪاوشن,136
ڪلھي,136
ڪنجي,136
ڪوڏيون,136
ڪوڙين,136
ڪيوسڪ,136
گذرندا,136
گرهوڙي,136
گھڻائي,136
ڳپل,136
مددي,136
مدرسة,136
مرثيا,136
مکڙي,136
ملتانيءَ,136
منحصر,136
ميڊم,136
نشتر,136
نهروءَ,136
هٻڪار,136
هجئي,136
واپرائڻ,136
وند,136
وهاب,136
اُسري,135
ابتي,135
اڄُ,135
اسٽيٽس,135
انگلستان,135
ائٽ,135
آرامگاهه,135
بديءَ,135
ڀُل,135
ڀڳوانداس,135
پاڻان,135
پٽڙي,135
پڃرو,135
تنبن,135
تنوار,135
ٺيڪي,135
ٿلھي,135
ٽاڪ,135
جنريٽر,135
چنتا,135
چوريون,135
خميسي,135
دُور,135
ڏهاڙا,135
ڏوھه,135
ڏينديس,135
ڌڪن,135
رشد,135
رئي,135
سرهي,135
سکڻي,135
شامي,135
طاقتون,135
ڦريون,135
کڙڪو,135
کيڪار,135
ڪاڄ,135
ڪٽنبن,135
ڪرڻن,135
ڪهل,135
گهريا,135
ڳڙڪائي,135
لالڻ,135
ليٽ,135
ماناري,135
مٺڻ,135
مجبورين,135
مرڪن,135
مستري,135
مقابلن,135
مڪانن,135
منشيءَ,135
مهاراشٽرا,135
مينديءَ,135
نمود,135
هيڪڙو,135
اُنهي,134
ابرار,134
اگهي,134
اڳئي,134
اندوز,134
اولي,134
اون,134
اوڻاين,134
بلائن,134
بلبن,134
بيچين,134
بيوسيءَ,134
ٻارھن,134
ٻڌائون,134
تپيدار,134
جڪڙي,134
جوڙن,134
ڄاري,134
ڄڻيو,134
چوديواري,134
ديوَ,134
ڏڪندي,134
ڏهاڙو,134
رباعي,134
زيادتين,134
سَنڌ,134
سڏيندي,134
سرندي,134
شرر,134
عاجزي,134
غالبا,134
فاتحه,134
ڦرڙو,134
ڪاوڙيل,134
ڪعبو,134
گانن,134
گڊو,134
گهرجون,134
ڳانڍاپو,134
لپ,134
لٽيو,134
لشڪري,134
لکرائي,134
مُڙي,134
مضبوطي,134
مولابخش,134
نالائق,134
ناميارا,134
نڀاڳي,134
نذرانو,134
نگهبان,134
ھرھڪ,134
وائڄڻ,134
وڌايل,134
وراڻيس,134
وستي,134
ويدڪ,134
اُڻي,133
اڏاوتون,133
اصرار,133
اعتدال,133
انڪم,133
باقاعدگيءَ,133
بگاڙي,133
بهائي,133
ٻل,133
ڀاءَ,133
ڀاڄائيءَ,133
ڀنڀري,133
پرڀو,133
پردن,133
پريمي,133
پريو,133
پڙو,133
پڪاريو,133
پهرڻ,133
پئسينجر,133
تاڙ,133
تربيتي,133
توجه,133
ٺهڪندڙ,133
ٽرمپ,133
ٽڪڻ,133
جَوَن,133
جڏھين,133
جست,133
ڄنگهه,133
حلوو,133
خونريزي,133
درمل,133
ڏندڻ,133
راجن,133
رضامندي,133
رکائي,133
رکندڙن,133
ستائي,133
سڪرات,133
سهيڙ,133
سيما,133
شاعرانه,133
شرٽ,133
ضخيم,133
غاليچا,133
فيبروريءَ,133
قافيي,133
ڪاراڻ,133
ڪامن,133
ڪشن,133
ڪوڊ,133
ڪورچاگن,133
ڪوئا,133
گرونانڪ,133
گواليار,133
گويرا,133
ڳائڻا,133
ڳريون,133
مسلط,133
مطلع,133
معرڪي,133
نعمتون,133
هيلن,133
واندڪائيءَ,133
وحدانيت,133
اپني,132
اجايون,132
اختياريءَ,132
المقدس,132
امالڪ,132
آريه,132
آڙاهه,132
آستانو,132
آلندي,132
باڪس,132
بڊي,132
بروس,132
بسڪيٽ,132
بھار,132
ٻور,132
ڀُڄ,132
ڀيڄ,132
پريشانين,132
پهرائي,132
ترندو,132
تصنيفات,132
تک,132
ٽانڊا,132
چقمق,132
چوويهن,132
حبش,132
حقاني,132
خرابيون,132
دائودپوٽي,132
ڌارئي,132
رغبت,132
زن,132
سرتين,132
سفارت,132
سڱن,132
سنتن,132
سهرا,132
سئيڊش,132
شڪريو,132
کنڀن,132
ڪاهون,132
ڪورائي,132
ڪيائينس,132
ڪيسٽ,132
گهارڻ,132
ڳاهن,132
لڪيءَ,132
ماد,132
محتاط,132
منڊ,132
منگهي,132
موٽائڻ,132
مورتيءَ,132
نِينگَرُ,132
ناٽ,132
نظامن,132
نظرداري,132
هُون,132
وڪڻن,132
وڪڻندڙ,132
ولائتي,132
ابوالفدا,131
اڀو,131
اديون,131
اسٽوڊيو,131
اقليتن,131
آڪسائيڊ,131
بلئڪ,131
بيدرديءَ,131
ٻاٻاڻي,131
ڀانئين,131
پَل,131
پنٿ,131
تبصرا,131
تنهنجيءَ,131
ٽوڙيو,131
جٽاءُ,131
چڙيا,131
ڇورو,131
خواتين,131
ديپ,131
ڌُر,131
ڌوڻيو,131
رُڪ,131
رئيسن,131
زيردست,131
سربستو,131
سوٽهڙ,131
سيم,131
عالماڻي,131
عقيدتمندن,131
عماد,131
کنيائون,131
کيتيءَ,131
ڪَرَ,131
ڪرشمو,131
ڪعبه,131
گهارو,131
گيا,131
ڳوليندا,131
ماڻڪاڻي,131
مسقط,131
معاصر,131
معصوميءَ,131
ملون,131
هنگامو,131
هئه,131
وڇڙيل,131
وشنداس,131
وڳ,131
ويراڳ,131
يونيفارم,131
اُ,130
ابدالي,130
اجها,130
ايمپائر,130
آباديون,130
آڱوٺي,130
بلڙي,130
بهي,130
بيعزتي,130
پُٽن,130
پاٻوهه,130
پارن,130
پٺو,130
پرتي,130
پورچوگال,130
تولد,130
تولئه,130
ٺڳيءَ,130
ٿينداسين,130
ٽالپور,130
چڙهن,130
حريت,130
حسينيءَ,130
حيوانات,130
خطبي,130
دليري,130
ديوين,130
ڌڙڪي,130
رائل,130
رپورٽن,130
سانگيءَ,130
ساهوارن,130
سجايل,130
سنگسار,130
شريفين,130
عبدالنبيءَ,130
عجم,130
فاطمي,130
فزڪس,130
فيري,130
قدس,130
کٽل,130
ڪمائين,130
ڪنب,130
گروپن,130
گندرف,130
گڻن,130
لاهوتي,130
لبيڪ,130
مادام,130
مارگريٽ,130
ماڻين,130
مونجهه,130
هُيو,130
هارايو,130
هيڏا,130
وٿيءَ,130
وٽامن,130
وجهان,130
وڃيس,130
وزندار,130
ابر,129
اتحادين,129
اچجانءِ,129
اڏول,129
اڙدوءَ,129
اينٽي,129
بارڻ,129
بائيبل,129
برساتون,129
بندا,129
بيداري,129
بئڪ,129
پاتڻي,129
پرگهور,129
تدارڪ,129
ٿالهي,129
ٿنڀ,129
جاڳائڻ,129
جال,129
جنوريءَ,129
جهرڪن,129
جهليندو,129
ڄڻڻ,129
چاهيم,129
ڇهاءُ,129
حاذق,129
حمايتي,129
خواني,129
دراوڙ,129
دکدائڪ,129
ديوناگري,129
ڊزن,129
ڏاڪڻيون,129
رعايتون,129
رهبريءَ,129
روايات,129
ريتي,129
ريج,129
سازگار,129
ستاب,129
سرڳ,129
سلو,129
سمھڻ,129
سوڙها,129
سيويءَ,129
شجري,129
شرمسار,129
شهريار,129
شهريت,129
صوبه,129
علماءِ,129
عليم,129
قبولڻ,129
کون,129
ڪارائتا,129
ڪائناتي,129
ڪڍيل,129
ڪرائجي,129
ڪرندو,129
ڪيبل,129
ڪيڙا,129
ڳڀ,129
لم,129
مارجڻ,129
ماندو,129
مبارڪباد,129
مچايو,129
مداحن,129
مڙيوئي,129
مشاعرا,129
مناري,129
مھر,129
موڪلون,129
ناراضگي,129
هارن,129
هيڊڪوارٽر,129
هينئين,129
وڍڻ,129
وياڪل,129
ويڙهو,129
وينس,129
ياسمين,129
اصلوڪن,128
اقتباس,128
اماڻي,128
انيتا,128
آکيري,128
آمريءَ,128
آڻبو,128
بازن,128
برگزيده,128
بوتلون,128
بيج,128
بيڪ,128
ٻوسٽ,128
پرنس,128
پورچوگالي,128
پوسٽر,128
پوئتان,128
تاريڪ,128
تڪڻ,128
ٿڌڙي,128
ٿڪي,128
ٽر,128
جاکوڙي,128
چاءِ,128
چئجو,128
خرابين,128
دائيءَ,128
ڏجانءِ,128
ڏيانءِ,128
ذھني,128
ڌوٻيءَ,128
ساٿاري,128
سربراهي,128
سڳا,128
سمجھائڻ,128
سمھي,128
سونپي,128
شھادت,128
صباح,128
صحبتي,128
عبدالجليل,128
فرمائيندا,128
فرينڊ,128
ڦهڪو,128
کسيو,128
ڪاريهر,128
ڪانڌي,128
ڪائونسلر,128
ڪلمي,128
گجي,128
گذريون,128
گھٽتائي,128
گولڊن,128
ڳوڙھا,128
لتون,128
لحظي,128
ماھر,128
مٺائيءَ,128
مڃائي,128
مردي,128
مشاهيرن,128
مغليه,128
مهانگائي,128
نقطا,128
نئينءَ,128
هڏين,128
هيائين,128
ھار,128
واليءَ,128
وڙھڻ,128
وسوسا,128
ولو,128
ويلو,128
ويهان,128
يسوع,128
اختتام,127
اوڙاهه,127
ايڊيوڪيشنل,127
ايوانن,127
بٺيءَ,127
بلگرامي,127
پُور,127
پٽجي,127
پرده,127
پسار,127
پکڻ,127
پليز,127
پيرون,127
تلائن,127
توريت,127
ٽاڪيز,127
ٽم,127
جوابداري,127
جيئو,127
چاندني,127
چپل,127
چمپل,127
ڇيهه,127
حيف,127
خواهي,127
ديهانت,127
ڊ,127
ڏاتر,127
ڏيکاريندا,127
ذمو,127
ڌمڪيون,127
ريسٽ,127
زهريلو,127
سانگين,127
سرگرمي,127
سنياسي,127
سهيڙيو,127
سھڻو,127
سيدنا,127
سيري,127
سينيما,127
شاهنامي,127
صاحبي,127
عناصر,127
فرشتا,127
کارائيندو,127
ڪبوترن,127
ڪٺور,127
ڪوئن,127
ڳورو,127
لائوڊ,127
لڙايون,127
لطافت,127
للڪار,127
لنگهن,127
لنگهندو,127
مِٽي,127
مثلن,127
مروه,127
مشڪندي,127
ميراڻيءَ,127
هالاڻي,127
هلين,127
هوڪو,127
ھدايت,127
وِک,127
واٽن,127
واندا,127
اٿندو,126
اٽڪيل,126
اجاين,126
اسٽڊي,126
اصفهاني,126
الحمد,126
الشعراءِ,126
اورانگهي,126
اولين,126
آرڪيالاجي,126
آنڊي,126
بتين,126
بشرطيڪ,126
بياني,126
پڙهون,126
پوڙھي,126
پيچرا,126
تُون,126
تمثيل,126
ٽينءَ,126
جاڳايو,126
جهٽي,126
چمڪڻ,126
حيرانيءَ,126
خصوصيتون,126
خيمي,126
دستار,126
ڊگھائي,126
ڍڪيو,126
ڌڙڪڻ,126
راني,126
رٿون,126
سُڏڪا,126
سالڪن,126
سايو,126
سبيءَ,126
سٿري,126
سرمايي,126
سنڀاليائين,126
سنوان,126
سيلز,126
شارٽ,126
صديقا,126
غوري,126
فَقَالَ,126
فالج,126
فيلو,126
قبضا,126
قصه,126
کسڪي,126
کڻڻو,126
ڪثير,126
ڪنين,126
ڪوڙهه,126
گھيري,126
ڳاڙھو,126
ڳالهائڻو,126
ڳڻتين,126
لڳايون,126
مُور,126
مٺڙو,126
مٺن,126
مڃيندي,126
مزدلفه,126
مشروط,126
معطل,126
نبيري,126
هاليپوٽو,126
هڙئي,126
هيڊماستر,126
هيسيل,126
هيڪاندو,126
ھلندڙ,126
وجھندي,126
ورجيسي,126
ورڪشاپ,126
اڀريل,125
اڏا,125
ار,125
استريءَ,125
اسٽاڪ,125
افواهه,125
اوڀڙ,125
ايڪسچينج,125
آسيس,125
آگي,125
آهيپر,125
باڊي,125
ٻانهيءَ,125
ڀاڪرن,125
ڀوڏيسر,125
پارڪنگ,125
تباه,125
ترتيبوار,125
تيغ,125
ٽانگي,125
جمود,125
جنجهي,125
جئي,125
چُن,125
چاڪري,125
چائنٺ,125
ڇيڻي,125
حويلين,125
خزانچي,125
دِل,125
درزي,125
ڏاڪو,125
ڏيکاريان,125
ڏينداسون,125
ڌاڳن,125
رخي,125
روپاهه,125
ساقيءَ,125
سمپورن,125
شمل,125
طائي,125
طعنا,125
عباسين,125
عبدالرسول,125
فرشته,125
فيضياب,125
ڦوهارو,125
ڦيريون,125
کاٽ,125
ڪاٽڻ,125
ڪافور,125
ڪاليداس,125
ڪيوبڪ,125
گدلاڻ,125
گرافي,125
گلبدن,125
گنو,125
گهيڙ,125
گوناگون,125
ڳالهڙي,125
لاشعور,125
لڳايل,125
مصدر,125
معظم,125
موجون,125
موچارو,125
ناريجو,125
نائي,125
نچندي,125
نهاريان,125
نيپولين,125
وائڙا,125
وسنديون,125
ولا,125
اِھا,124
ارم,124
اسپارٽا,124
اعمال,124
البقر,124
الٽو,124
الحروف,124
اليڪسيءَ,124
انڊو,124
اوڍو,124
اورنگ,124
ايوينيو,124
آهنگي,124
بادلن,124
بسين,124
بهارين,124
بوستان,124
بيڪس,124
بيوفا,124
ٻاريءَ,124
ڀرڳڙيءَ,124
ڀولو,124
پشم,124
پونا,124
تعليمدان,124
تفريحي,124
ٺهرايائين,124
جاندارن,124
جلا,124
جوتشي,124
جيئندو,124
ڄاڻندي,124
ڄمون,124
چمپا,124
ڇڏايو,124
درخت,124
دفتري,124
دولتپور,124
ڊاک,124
ڏهس,124
رپيه,124
رحمدل,124
رڱيل,124
رولاڪ,124
سُٺا,124
سادن,124
ساران,124
سڀاويڪ,124
سڏڪي,124
سرتي,124
سمهندو,124
شاهل,124
صلواة,124
عميق,124
غفور,124
فرمائيندو,124
فوڊ,124
فئشن,124
کنگهار,124
ڪرب,124
ڪڻو,124
ڪيلي,124
گدائي,124
گھرايو,124
گھيرو,124
ڳنڍيون,124
لڙڪيل,124
مُلا,124
مُلن,124
مباحثا,124
مٽا,124
مشڪون,124
معاويه,124
مغفور,124
مڪتبه,124
ناھيون,124
نجومي,124
هُتي,124
هارڻ,124
هوشياريءَ,124
واقفڪار,124
وانڍ,124
وڍيل,124
وسوسن,124
اختلافي,123
استعيفي,123
آڌاريل,123
آرٽيڪل,123
آورن,123
بادشاھه,123
ڀرجڻ,123
پاتشاهه,123
پتلي,123
پلان,123
پناھ,123
پندرھن,123
تبت,123
تنگي,123
تواريخي,123
ٽماٽن,123
جنازو,123
جهلجي,123
جهونن,123
چمڪاٽ,123
چيلو,123
ڇاجي,123
ڇيهو,123
حڪايت,123
خبرچار,123
خلقي,123
دانا,123
درسگاهن,123
دعوتن,123
دوربين,123
ڊئوڊ,123
رکج,123
ره,123
سگا,123
سمجهجي,123
سيڪريٽريٽ,123
شطرنج,123
فنن,123
ڦلن,123
کنڊن,123
ڪڍرائي,123
ڪراڙو,123
ڪشتي,123
ڪوٺ,123
گھڙين,123
ڳائينديون,123
ڳوٺائي,123
لاک,123
مزاجي,123
مڙيا,123
معمار,123
ملک,123
موثر,123
ميهر,123
نسورو,123
واڱڻ,123
واڻيا,123
وڪڙن,123
ويهارڻ,123
اچبو,122
اڌوري,122
استعيفيٰ,122
اڪادمي,122
العلماءَ,122
انقلابن,122
اوڻايون,122
آتو,122
آکيرا,122
آئيڊيل,122
باڊهه,122
بتال,122
بدتر,122
بيگلار,122
ٻولهائڻ,122
ڀائرو,122
ڀريائين,122
پتر,122
پيٽروليم,122
تُروئيءَ,122
تُنهنجو,122
تحويل,122
تهڙيءَ,122
توئي,122
ٺوٺ,122
ٽائيگر,122
ٽائيمس,122
جُون,122
جنتري,122
چوڪور,122
حجم,122
دٻايو,122
رعايا,122
سُڃ,122
سٽاءُ,122
سڃاڻندو,122
سرڪشي,122
شوتينڪ,122
صفن,122
صمد,122
غدود,122
فاتحن,122
فادر,122
ڦڏو,122
قطعا,122
قيوم,122
کٽياڻ,122
کرده,122
ڪاموري,122
ڪپيل,122
ڪرد,122
ڪوڪون,122
گامون,122
گد,122
گلف,122
گونگو,122
ڳٽ,122
لوڊ,122
مٽر,122
مجيدي,122
محنتن,122
مطبع,122
مظاهرا,122
نب,122
هيسباڻي,122
ھِن,122
واگهه,122
ويلن,122
اداڪارا,121
اداڪاريءَ,121
المبارڪ,121
امنگن,121
انفارميشن,121
اونده,121
ايجنسين,121
آسرا,121
آشڪار,121
بکي,121
بيضوي,121
ٻاجهري,121
ڀاڻيجو,121
ڀوائتي,121
پچاءَ,121
پرپٺ,121
پروپيگنڊا,121
پنرو,121
پيئر,121
تباھ,121
تخليقن,121
تنهائيءَ,121
تنهنجين,121
ٺهرايون,121
جاگيرن,121
جانبدار,121
جھنڊو,121
چارون,121
چاھيان,121
چڀڙ,121
چوسي,121
چوڪنڊي,121
ڇيڙو,121
خطرا,121
خيريت,121
ديباچو,121
ڊپلوما,121
ڊگهين,121
راٺوڙ,121
رومين,121
روئان,121
روئين,121
سڀُ,121
سرمو,121
سنج,121
شناسيءَ,121
شوڪارو,121
عداوت,121
عروضي,121
فردوسي,121
فرلانگ,121
فريزر,121
ڦيٿن,121
کپت,121
کسجي,121
کئون,121
ڪاڙهي,121
ڪانپور,121
ڪينجھر,121
ڪئٿولڪ,121
گارو,121
گاسليٽ,121
گرلز,121
گمبٽ,121
گهنج,121
گهيريل,121
گوشي,121
گونگي,121
ڳالهايائين,121
لچ,121
ليکبو,121
مارواڙي,121
ماڻيائين,121
مرين,121
مڙهيو,121
ميونسپلٽي,121
ننديو,121
هرگن,121
هلندس,121
همايونيءَ,121
هنجو,121
هنگلاج,121
هيترن,121
ونڊي,121
يعقوبي,121
اُڇلائي,120
اڇوت,120
اڏري,120
اسرائيلي,120
آرمن,120
بان,120
بنگاليءَ,120
ٻڌيو,120
ڀوائتو,120
پڙاڏا,120
پليٽون,120
تخليقون,120
ترمذي,120
تڪڙيون,120
تنھنجا,120
ٺهيون,120
جڙتو,120
جهنگلن,120
چنچل,120
چهل,120
خوري,120
خيما,120
دس,120
رينجرز,120
زهره,120
ساڄو,120
سرنگ,120
سمجھائي,120
سنڀاليندو,120
صفوي,120
عَنِ,120
عبراني,120
فال,120
ڪرڙي,120
ڪعب,120
ڪڪيءَ,120
ڪلامن,120
گاڏو,120
گذرن,120
گزيٽيئر,120
لالچند,120
لاهيندو,120
لبرل,120
لقبن,120
لئبريري,120
مجمدار,120
معارف,120
معاون,120
معجزن,120
معمور,120
مونا,120
نٽشي,120
نيرا,120
هُيون,120
همسفر,120
هنجون,120
ھوريان,120
ھيئن,120
والله,120
ونگو,120
ويئون,120
اٽارني,119
احتساب,119
ازالو,119
المومنين,119
اهلڪارن,119
آپي,119
آچاريه,119
آذربائيجان,119
آرائي,119
آمريڪين,119
برقعو,119
ٻٽيهه,119
ڀِٽَ,119
ڀائيبند,119
ڀيڙا,119
پڪاري,119
تابعدار,119
تڪراري,119
ٿڌيءَ,119
ٽان,119
جکري,119
چٻي,119
چئنلن,119
ڇاپڻ,119
حقائق,119
خرچن,119
خلعت,119
خليق,119
دجله,119
دلا,119
ڊچن,119
ڊيموڪريٽڪ,119
ڌڙڪن,119
راڪيٽ,119
ريڪس,119
زهري,119
سُهڻي,119
سانحي,119
سانوڻيءَ,119
سپني,119
سرچارلس,119
سمجھين,119
سينن,119
صفاتي,119
عاد,119
فقيهه,119
ڦيرايو,119
کارايو,119
کايو,119
ڪاٽن,119
ڪلاچي,119
گونجڻ,119
مهين,119
مورڙي,119
ناليءَ,119
نمازين,119
هونداسين,119
ھلڪي,119
ھنيو,119
واندي,119
وومين,119
ويڙهجي,119
اُنَ,118
اجرو,118
الماس,118
انڪل,118
اوچيون,118
اوه,118
آنءُ,118
باران,118
باسڻ,118
باعزت,118
بامقصد,118
بدحالي,118
بدڪار,118
بزرگيءَ,118
بغض,118
ٻاريون,118
ٻڌايومانس,118
ڀليڪار,118
پربت,118
پڙھيل,118
پورچوگالين,118
پيرَ,118
تائيوان,118
تڏھين,118
توهانجو,118
ٽيو,118
ثم,118
جنگو,118
چارٽ,118
خفا,118
خيانت,118
دوباره,118
ڏامر,118
ڏنئي,118
ڌريو,118
رٻ,118
رفاقت,118
روحل,118
زده,118
زوار,118
سٺائي,118
سچيءَ,118
سموادي,118
سنائي,118
سهيل,118
سوغات,118
سونَ,118
شرڌا,118
عار,118
ڦورن,118
کولين,118
کوه,118
ڪاررواين,118
ڪاسبي,118
ڪڍان,118
گداز,118
مُنھن,118
مارڳ,118
مارول,118
مجلسون,118
مشغلو,118
مطالبي,118
معاذ,118
منجها,118
ميڊيم,118
نماڻو,118
نهن,118
هُتان,118
هول,118
ھندن,118
ھوشيار,118
وڌايون,118
ويريءَ,118
اُما,117
ارسلان,117
اگهن,117
انشا,117
اوريان,117
اوکو,117
ايٽمي,117
ايون,117
آبياري,117
آئن,117
برٿ,117
بينگال,117
ٻانهپ,117
ڀنڀٽ,117
ڀيڻن,117
پُٺيان,117
پختونخوا,117
پراوا,117
پروليون,117
پوليو,117
پيچرو,117
جبري,117
جتيءَ,117
جتيون,117
جڳن,117
ڊائننگ,117
ڏيپلو,117
رانجهو,117
رشيده,117
روشنين,117
روشنيون,117
ريحان,117
رئو,117
ساھھ,117
سهندي,117
صُبح,117
طي,117
ظل,117
عاصم,117
غ,117
فلسفه,117
کارائيندا,117
کٽون,117
کيسن,117
ڪٽيندي,117
ڪرافٽ,117
ڪھاڻيءَ,117
ڪوش,117
ڪوين,117
گابي,117
گلڻ,117
ڳائڻو,117
ڳوٺان,117
لاهيندي,117
مارڪ,117
ماسيءَ,117
مرهم,117
مسڪراهٽ,117
معروضي,117
ملاوٽ,117
مهرالنسا,117
ميزان,117
نامڪمل,117
نيتي,117
نيلم,117
هارجي,117
واهيات,117
وٽو,117
ورجاءُ,117
اجتماعيت,116
اذان,116
الخزرجي,116
المال,116
اھڙين,116
اوڇنگارون,116
آسودگي,116
برتر,116
بهادرن,116
بورڊنگ,116
ٻٽو,116
پاني,116
پرجوش,116
پسگردائي,116
پڪڙجي,116
پهچيو,116
پوءَ,116
تضادن,116
تونگ,116
ٺپ,116
ٽيچرس,116
جراثيم,116
جهجهو,116
جهڪر,116
جيئندي,116
چُري,116
چرٻٽ,116
چويس,116
چيڪو,116
چيمبر,116
ڇپرائڻ,116
ڇڏجو,116
حاشيا,116
ديانت,116
ڊڪي,116
ڏاس,116
ڏسجو,116
ڌ,116
ڌماڪو,116
راجڪمار,116
راسل,116
سُکي,116
سانوڻي,116
سايون,116
سٿين,116
سريتا,116
سندرتا,116
سنڌن,116
سنگاپوري,116
سيڪ,116
ڦاٽڻ,116
ڦرهي,116
کپ,116
کڏن,116
کيسا,116
ڪاربان,116
ڪريڊٽ,116
ڪڪڙيون,116
ڪلمتي,116
ڪڻا,116
ڪڻس,116
گھڙيون,116
ڳڀا,116
ڳوليان,116
لهو,116
ليبر,116
منگولن,116
ميسيج,116
نوائي,116
هڪجهڙو,116
ھل,116
ھلائي,116
وانجهيل,116
اُم,115
اُمت,115
اُنڙ,115
احمر,115
اخلاقن,115
اکريون,115
الانصار,115
الناس,115
الوطني,115
اوڻيهين,115
ايڊيشنل,115
ايئرڪنڊيشنڊ,115
آرس,115
آهوجا,115
بُري,115
باغيچو,115
بيهجي,115
ڀلاري,115
پاپي,115
پڄاڻا,115
پچاءُ,115
پرڻجڻ,115
پروڙڻ,115
پيچرن,115
تهمت,115
تورڻ,115
جُڳ,115
جڻيا,115
جھنڊي,115
جوکيي,115
جيروسلم,115
جئپور,115
چميون,115
چوڦير,115
حمزي,115
خاک,115
خلاصين,115
داٻ,115
ڙ,115
سُڪون,115
ساٿيو,115
ساڙهيءَ,115
ساغر,115
سالي,115
سره,115
سنڀري,115
سئيءَ,115
فوجداري,115
قاضين,115
قافيو,115
قلمدان,115
کاڻيون,115
کٽيءَ,115
کلندڙ,115
کوٽيل,115
ڪرندڙ,115
ڪلمون,115
ڪوئٽا,115
گدري,115
گوپي,115
گيدي,115
لڳم,115
ليگي,115
مڃڻو,115
مرلي,115
مڱڻي,115
منهجي,115
موسوي,115
موکيءَ,115
نڪريو,115
هٿڙا,115
هندوءَ,115
وادين,115
وايومنڊل,115
وڇايو,115
وزني,115
وڪيا,115
وياڄ,115
اترادي,114
اڏاوتن,114
ارسطوءَ,114
الرشيد,114
الوطنيءَ,114
اوجهل,114
اوگهڙ,114
اونڌا,114
آلاڻ,114
برپٽ,114
بسيار,114
ٻڪ,114
ڀنگر,114
پَٽُ,114
پِي,114
پارسيءَ,114
پالوٽ,114
پائليٽ,114
پٽيوالي,114
پڄندي,114
پرنٽ,114
تعزيت,114
تلاشي,114
ٽڪنڊي,114
جُڙيل,114
جانِ,114
جانيءَ,114
جهاڳي,114
جولئن,114
جونپوريءَ,114
جيئين,114
چاهتن,114
حياءُ,114
خمير,114
ڏاريندڙ,114
ڏھين,114
ذميوارين,114
راوين,114
رجسٽرڊ,114
ساس,114
سپرنٽنڊنٽ,114
ستيا,114
سچيون,114
سمجهوتي,114
سمجھندي,114
سهيڙيندڙ,114
علاقائي,114
غوطا,114
فوتيءَ,114
فيلسوفن,114
قسمتيءَ,114
ڪارنامي,114
ڪرڙ,114
گولائيءَ,114
ڳائڻن,114
ڳجها,114
ڳولين,114
لوڏيو,114
لونءَ,114
ليس,114
مجاھد,114
معجزي,114
ملهائيندا,114
مما,114
منڊو,114
مھاڳ,114
نَه,114
نيوزيلينڊ,114
هڳاءُ,114
هنرئيٽا,114
وٿن,114
ورڪرن,114
ويڳاڻو,114
اڇلائڻ,113
اصلوڪا,113
اڳلو,113
الاٽ,113
ايٽ,113
ايثار,113
آسيه,113
باهمت,113
باھھ,113
برده,113
بڙدي,113
بوهري,113
بيھوش,113
ڀانئي,113
ڀائين,113
ڀيٽڻ,113
پرولتاريه,113
پمفليٽ,113
پوکن,113
تاتي,113
تمهيد,113
ثقفي,113
جاٽن,113
جانيون,113
جڳهيون,113
جمعه,113
جنتر,113
جوکم,113
جوڳيون,113
چُور,113
چِٽو,113
چٿرون,113
ڇڏن,113
حَسين,113
خزانن,113
خميني,113
خودبخود,113
دوم,113
ڊڄندا,113
ڏهڪاءُ,113
ڌوتي,113
رٿيو,113
رم,113
سَٽ,113
سٻاجهي,113
سکه,113
سلينگور,113
سهيڙيل,113
شباب,113
فتحن,113
فلپ,113
فلسفين,113
قدردان,113
کٽندڙ,113
ڪاهڻ,113
ڪتيءَ,113
ڪرندا,113
ڪوريئڙي,113
ڪيئين,113
گنديءَ,113
گيڙو,113
لُٽي,113
ليئا,113
مالامال,113
مح,113
مفعول,113
ملڪاڻيءَ,113
منسلڪ,113
منشا,113
ناچيز,113
ناگپور,113
نالين,113
نقطن,113
نگهباني,113
هُت,113
هڙان,113
هلاڪ,113
ھيا,113
وڙهندڙ,113
وستيءَ,113
وشنوءَ,113
وني,113
يونيسڪو,113
اَمر,112
اُپت,112
اچڻي,112
اڇل,112
اختيارين,112
ارواح,112
استدلال,112
البلدان,112
الڪلام,112
انمول,112
آڏ,112
آزمائڻ,112
آزمودي,112
آهستگيءَ,112
بلاذري,112
بهشتي,112
بيا,112
بيوقوفيءَ,112
ٻارا,112
ٻاھرين,112
تاشقند,112
تپو,112
تقريبا,112
جارحيت,112
جاڳندا,112
جڳهن,112
جوابدارن,112
جيني,112
جيوڙا,112
چِٽ,112
چرخ,112
چوئٿرام,112
حلف,112
رُڌل,112
راڻين,112
رهندين,112
ريجمينٽ,112
زيارتون,112
ساخته,112
سارن,112
سڀاڻ,112
سڃو,112
سربراهن,112
سفرن,112
سگهبا,112
سمر,112
سهارا,112
سهڪندي,112
سيوا,112
غارون,112
غدارن,112
فتوح,112
فوتابا,112
فيچر,112
قرضي,112
قلعه,112
قنڌاري,112
کارا,112
کٿي,112
کسڻ,112
ڪتابَ,112
ڪلها,112
ڪيمسٽريءَ,112
گانگٽ,112
گنجو,112
گهمن,112
مُلان,112
ماين,112
مجمع,112
مڃيندڙ,112
مڙد,112
مسلماني,112
معاشرن,112
موجودات,112
مونجهارن,112
ميسور,112
ميموريل,112
نائٽروجن,112
نقوي,112
ھرڪو,112
ورسيءَ,112
وقفو,112
وهانءَ,112
اِنسان,111
اڏيري,111
بدستور,111
بگهاڙ,111
ڀَر,111
ڀينڊي,111
پرتو,111
پنڊتن,111
پوکون,111
تاجي,111
ٽکڙائي,111
جاسوسن,111
جمالياتي,111
جهد,111
جولئَن,111
جيتريقدر,111
چانگن,111
چٽيون,111
ڇال,111
دليپ,111
ڍار,111
ڏيکارجي,111
رانديڪو,111
رشين,111
رقيب,111
رھاڪو,111
روزه,111
زيوس,111
سپڙ,111
سرجڻ,111
سفارتي,111
سلسله,111
شارڪ,111
شڪرانا,111
ط,111
طوطو,111
فراموش,111
کني,111
ڪالا,111
ڪالونيءَ,111
ڪپن,111
ڪرتوتن,111
ڪزنس,111
ڪنڊيءَ,111
گائڪيءَ,111
گنبٽ,111
ڳجهن,111
لهجا,111
لهڻي,111
ليکجي,111
ليمي,111
مُئل,111
مارائڻ,111
مالياتي,111
متعلوي,111
مراٺي,111
مسدس,111
مسيحي,111
منڍي,111
موٽيس,111
مئچ,111
مئنيجمينٽ,111
ناڊو,111
ناريءَ,111
نبويءَ,111
نويد,111
هاورڊ,111
هريل,111
همٿايو,111
ھجري,111
واقعاتي,111
ورونهن,111
وڳوڙ,111
ويھن,111
اُلهندي,110
ارد,110
اڪثريتي,110
امرڪوٽ,110
اوڏن,110
ايمرجنسي,110
باتو,110
بحالي,110
براءِ,110
برايون,110
ٻڏندڙ,110
ٻڌين,110
ڀاسي,110
ڀٽڪندو,110
پُٺيءَ,110
پاتيون,110
پرارٿنا,110
پرائز,110
پرزو,110
پروموشن,110
پليٽن,110
پھچائڻ,110
پوڻا,110
پيڊيا,110
ترانو,110
تماشا,110
ٿرماس,110
ٽاٽا,110
ٽرڪون,110
ٽيڪسٽ,110
جنب,110
جهڙائي,110
جهنگن,110
ڄامڙو,110
چارڻن,110
چر,110
داني,110
ڊڄن,110
ڊگلس,110
رتوديرو,110
رخن,110
رنڊي,110
سينه,110
شبلي,110
عالمانه,110
فرسوده,110
فوجيءَ,110
قافيه,110
قمري,110
قولن,110
کاڄي,110
کاهيءَ,110
ڪڙڪيو,110
ڪسوٽيءَ,110
ڪمبل,110
ڪمل,110
گهريون,110
ڳائيندڙ,110
لڌيون,110
مٽايو,110
مڃائڻ,110
محرومي,110
مشترڪ,110
معمر,110
منحوس,110
مورن,110
نوازش,110
نينگريءَ,110
هرڻيءَ,110
هنگامن,110
هوشياري,110
ھرگز,110
وسان,110
اُڇلي,109
اڀا,109
اجوري,109
الوهاب,109
انڊر,109
آنڊن,109
بازارين,109
بکئي,109
بمباري,109
بولچند,109
بيحال,109
ٻچڙن,109
ٻڌڻي,109
ٻوجهه,109
ٻيرن,109
ڀڳتيءَ,109
پاڙيسرين,109
پالاري,109
پاڻيپٽ,109
پورٽريٽ,109
پورچوگيز,109
پونجي,109
پيروز,109
تِن,109
ترندڙ,109
تقويت,109
تل,109
تلور,109
ٿڌن,109
ٽاڻي,109
ٽيپو,109
جبو,109
جتڪي,109
جنوني,109
جهڪيل,109
جوڌن,109
چوڙا,109
ڇاتيون,109
ڇاڇرو,109
ڇلا,109
ڇيڙن,109
حاسد,109
حافظو,109
حفص,109
حمله,109
حوس,109
حوقل,109
دارو,109
دهلويءَ,109
دوبدو,109
ڊائلاگ,109
ڏٻرو,109
ڏيارين,109
ڌيئون,109
رانجهن,109
رچائي,109
روند,109
سُکن,109
سلمي,109
سماجن,109
سوچيائين,109
سيٽي,109
سينگارڻ,109
شرمندو,109
شيو,109
صراط,109
عبدالفتاح,109
عطاءُ,109
فرنگين,109
ڦاڙ,109
قصيدي,109
ڪانءَ,109
ڪراچيويب,109
ڪريس,109
ڪلبن,109
گُڻ,109
گهرائين,109
گھڙيال,109
ڳالهڙيون,109
ڳنڍين,109
ڳيت,109
لکجڻ,109
لنگهڻو,109
ليکا,109
مُحبت,109
مباحثو,109
محلاتن,109
مخلوقات,109
مشقت,109
مطلوب,109
ميم,109
مئنيجنگ,109
نٻل,109
نرئي,109
هيڪل,109
واڻ,109
وچڙندڙ,109
وڏيرڪي,109
ويھ,109
يءَ,109
اڌورا,108
اصيل,108
الهندو,108
انجم,108
اوور,108
ايڊمنسٽريٽر,108
آفر,108
آيلن,108
برين,108
بهارن,108
بيچ,108
بيضا,108
ڀاڳن,108
ڀلن,108
ڀليءَ,108
ڀينگ,108
پاتم,108
پراڻيءَ,108
پروٽين,108
ٽرڪن,108
جواڻ,108
جوبلي,108
چارا,108
چاق,108
ڇپجندا,108
ڇٽيهه,108
ڇلر,108
خادمن,108
خدايا,108
دگر,108
ڊڄان,108
ڏاڪڻين,108
ڏري,108
رشڪ,108
رهنمائن,108
زائرين,108
زلفن,108
سُڻ,108
ساهواري,108
ستابا,108
سعود,108
سگريٽن,108
سهڻين,108
شاٽ,108
عبدالرئوف,108
ڦِري,108
قرني,108
کم,108
کيا,108
ڪُهي,108
ڪانا,108
ڪلينڪ,108
ڪهڻ,108
گذاريان,108
گهميو,108
گھرڻ,108
گھڻ,108
گيري,108
ڳجهارتن,108
لاتيون,108
لائون,108
لڪو,108
لوڙهو,108
لولو,108
مڃايو,108
محلا,108
مرغ,108
منافق,108
مهڻو,108
مورچا,108
ميڙو,108
ناھين,108
نبيرو,108
نچندا,108
نشست,108
نوازيءَ,108
نوشيروان,108
همعصرن,108
ھان,108
والاريل,108
وجهبو,108
وڌائيندو,108
ويدانت,108
ويندڙن,108
ابتا,107
اچجي,107
اڇلڻ,107
ارڏو,107
اڱارو,107
الاھي,107
الٽي,107
الم,107
اهنج,107
ايسپ,107
ايلفنسٽن,107
آبادگار,107
آرميءَ,107
آسٽريا,107
آڻن,107
باليءَ,107
بايد,107
بھادريءَ,107
ٻِي,107
ٻجهي,107
ٻڙڪ,107
ڀلارو,107
ڀنگي,107
پانيل,107
پٽيوالو,107
پڇيا,107
پرواني,107
پڙدو,107
پھتس,107
پوپ,107
پيٽان,107
تجزيي,107
تشبيهن,107
تصوريت,107
تندرستي,107
توب,107
تياڳ,107
ٿبو,107
ٿلڳ,107
ٿلهن,107
ٽڪيون,107
ٽوپين,107
جلالاڻي,107
جمالين,107
جنهين,107
جوار,107
جوهري,107
چڙھڻ,107
حسنا,107
حوصله,107
خامي,107
خرار,107
دستا,107
ڊيڄاري,107
ڍڳين,107
ڏاڍائي,107
ڌڪجي,107
راوت,107
رضيه,107
سَرَ,107
ساوڻ,107
سونپيو,107
عزيزو,107
قهري,107
ڪنيت,107
گانءِ,107
گذرندڙ,107
گواهه,107
لسو,107
ماڻيندا,107
مبارڪن,107
مجروح,107
مرشدن,107
مسيت,107
مطبوعه,107
مهلڪ,107
مورتين,107
نامن,107
نڄاڻ,107
نچن,107
هڏيون,107
ھزارن,107
وَرُ,107
وسايا,107
وسطڙو,107
وضوءَ,107
ويٺ,107
ويجھڙائيءَ,107
ادائگيءَ,106
اکرين,106
الهي,106
انڊونيشي,106
اوڀرندي,106
اونهائي,106
آج,106
آزمودو,106
بدمعاشن,106
بکن,106
بڪر,106
بوسي,106
ٻر,106
ٻهڪي,106
ٻوٽين,106
ڀيلن,106
پاپڙ,106
پالينا,106
پٻڻ,106
پرواه,106
پڪن,106
پليت,106
پليو,106
پهتاسون,106
پهوڙ,106
پيوند,106
تازن,106
تحليل,106
تدريسي,106
تغير,106
تيور,106
ٺاڪ,106
ٽڪراءَ,106
جيڏن,106
ڄاڻايا,106
چوکنڊي,106
ڇاڙتن,106
ڇڏجن,106
خريدارن,106
دٻدٻي,106
ڍونڍ,106
ڏسندين,106
ڏياريندو,106
ڏينهان,106
ڌُن,106
ڌمال,106
رڳون,106
رنگريز,106
رهائشگاهه,106
روبي,106
ريڊر,106
سٺين,106
سڳوريءَ,106
سلي,106
سهوليتن,106
سيريل,106
شبانه,106
ض,106
عمومي,106
غيرقانوني,106
فارينر,106
فرمائين,106
فقري,106
کڻون,106
کيتن,106
ڪِ,106
ڪاغذي,106
ڪامپليڪس,106
ڪانڌڙو,106
ڪاڻو,106
ڪچيءَ,106
ڪڇڻ,106
ڪينو,106
ڪئمپن,106
گھوري,106
گوني,106
ڳالهائجي,106
ڳڀيرڻ,106
ڳوڻ,106
لِنگ,106
لاسي,106
لهرائي,106
لوث,106
لوڪلبورڊ,106
ليٽيو,106
مُڙس,106
مٿرا,106
مخمور,106
مردار,106
مشڪوڪ,106
مصروفيتن,106
معافيءَ,106
ملبوس,106
ملندس,106
مهربانيون,106
مؤقف,106
نل,106
هِنَ,106
هرچند,106
واجد,106
وٽانئس,106
وحده,106
وليون,106
اُفق,105
التحصيل,105
اڻپڙهيل,105
بُرو,105
برتريءَ,105
بغدادي,105
بيس,105
ٻڌيءَ,105
ٻيائي,105
ڀيڻون,105
پالتو,105
پختون,105
پکڙجڻ,105
پيتيون,105
پيڪ,105
تاجر,105
تراني,105
تيري,105
ٿٻيٽ,105
ٽينس,105
جٿا,105
جلڻ,105
جهليل,105
جھاد,105
جوڙايل,105
ڄنگهون,105
چاهيا,105
ڇڏيئي,105
حيلي,105
داؤد,105
ڊيزل,105
ڍاڻي,105
ڍونگ,105
ڍيري,105
راڻن,105
رحيمداد,105
زمانا,105
سانچي,105
ساهوارو,105
ستايو,105
سرفهرست,105
سرنديءَ,105
سڪايل,105
سلڪ,105
سليقي,105
سورمن,105
سيٺين,105
شانت,105
شڪنتلا,105
شھزاديءَ,105
شھنشاھه,105
ضدي,105
ظلمت,105
علو,105
فراغت,105
فرمائن,105
فقيريءَ,105
فنڪشنل,105
ڦهلاءُ,105
قافين,105
قبن,105
قدآور,105
کائبو,105
کٽمنڊو,105
کنڀي,105
ڪاسائيءَ,105
ڪريما,105
ڪورنگي,105
ڪيداح,105
ڪيميڪل,105
گريو,105
گلدستو,105
ڳاڙهاڻ,105
لشڪرن,105
لڪيل,105
ماتليءَ,105
مارايو,105
ماريءَ,105
ماڻيون,105
متبرڪ,105
مقدم,105
ملم,105
ممتا,105
مهرو,105
ناظرين,105
نٽ,105
نجيب,105
ھيڏانھن,105
واڌارا,105
وڄائيندي,105
ويڳاڻپ,105
اُٿو,104
اُلا,104
اباڻا,104
اڄڻ,104
اچئي,104
اديءَ,104
اسماعيلين,104
الارض,104
العاشقين,104
اللھ,104
الوپ,104
اليڪٽريڪل,104
اڻبڻت,104
اوڀارين,104
اولاهين,104
اونهارو,104
آرڊيننس,104
آسام,104
آڳر,104
باغيچا,104
بخمل,104
بلاشڪ,104
ٻگهيو,104
ڀائپي,104
ڀنڊ,104
پاتار,104
پدم,104
پنجيتاليهه,104
پئداوار,104
تازيون,104
تهان,104
تهجد,104
ٺلهو,104
ٿانءَ,104
ٽڙيا,104
ٽڪرائي,104
جاڏي,104
جهگي,104
جھل,104
ڄمائڻ,104
چرئي,104
چنبا,104
ڇاٻڙيا,104
ڇڏيوسين,104
حسابن,104
خاصخيليءَ,104
خانقاهن,104
خونريز,104
دانهين,104
ڊاڪ,104
ڊائجسٽ,104
ڏٻري,104
ڏج,104
ڏسيل,104
ڏيئن,104
راڻيون,104
رٿابنديءَ,104
رنڌڻي,104
رواداريءَ,104
سُگهڙ,104
سامراجين,104
ساندهه,104
سڌير,104
سرگردان,104
سسلو,104
سماجيات,104
سنهڙا,104
سهڪي,104
طبلي,104
طرفي,104
طلبگار,104
غاليچن,104
غلبي,104
کُتل,104
کاريءَ,104
ڪَنَ,104
ڪُلهي,104
ڪاربن,104
ڪبيون,104
ڪٽائي,104
ڪچنگ,104
ڪميون,104
ڪولاچي,104
ڪيريو,104
ڳاڙهين,104
لتا,104
لٿس,104
لهڻو,104
ماچيس,104
مٺايون,104
محبوبيت,104
محمدن,104
مرچن,104
مشاهدا,104
مصلحتن,104
منت,104
مهاڳمهاڳ,104
مهٽي,104
مو,104
ميزبانن,104
ناهيد,104
نغما,104
نئيون,104
هاريو,104
هريجن,104
هلڪيون,104
واڍا,104
وارَ,104
واين,104
ورهن,104
وزيراعليٰ,104
وظيفا,104
اُميدن,103
احتجاجي,103
افسوسناڪ,103
ائڪٽر,103
آرٿر,103
بڇڙائي,103
بملا,103
بڻجيو,103
ٻڌايانءِ,103
ٻگهه,103
ڀوتن,103
پَن,103
پدر,103
تَن,103
تهائين,103
تهذيبون,103
تھا,103
توانو,103
ٿورڙا,103
ٽِڪ,103
ٽيڪنڪ,103
جدول,103
جمجما,103
جندڙي,103
جهٽڪو,103
جهڪو,103
جهمپير,103
ڄاڻندڙ,103
چاڙهيون,103
چترڪار,103
چڻن,103
ڇانءَ,103
حاضرين,103
خاڪن,103
خضدار,103
دسترخوان,103
دلفريب,103
ڊاءِ,103
ڌني,103
رَسُولِ,103
رامچندر,103
ريڪٽن,103
سالميت,103
سرگم,103
سمهندا,103
سنز,103
سنوار,103
سيوهاڻيءَ,103
شاگردي,103
شهود,103
عبدالوحيد,103
فاضلن,103
فوتي,103
ڦهلائڻ,103
قران,103
کاڏيءَ,103
کلا,103
کنڀات,103
ڪُني,103
ڪانٽ,103
ڪڪي,103
ڪمبخت,103
ڪند,103
ڪينئن,103
گذرڻو,103
گريز,103
گلدان,103
لکتن,103
لڪير,103
لوڏيندي,103
ليکيا,103
ليڪي,103
مانجهند,103
مريديءَ,103
مڙسيءَ,103
مکڙيون,103
مھينو,103
موٽڻو,103
نپولن,103
نشا,103
نصيرآباد,103
نعم,103
نڪر,103
هارٽ,103
هاڪي,103
ھيٺيان,103
وسنديءَ,103
ابوذر,102
اٿندڙ,102
اٽلو,102
احوالن,102
اسٽوڊنٽ,102
اعواڻ,102
اڳينءَ,102
امريڪا,102
ايوبي,102
آئندي,102
برهمو,102
بسمل,102
بهاؤالدين,102
بورجوا,102
بيوسي,102
ڀٽڪڻ,102
ڀوڄراج,102
پاهه,102
پروانا,102
پکيڙيو,102
تجلا,102
تدبر,102
تڪيندو,102
تندون,102
تيرنهن,102
ججهي,102
جمله,102
جيسينه,102
چهبڪ,102
چينا,102
ڇپرايا,102
خانائي,102
دُکي,102
ڊهڻ,102
ڍولڻ,102
ردي,102
زھر,102
سُتا,102
سانڍڻ,102
ساهيڙيءَ,102
سپون,102
سلات,102
سمارٽ,102
سنڀاليون,102
سنگهارن,102
شاگردياڻي,102
شاهدن,102
شڪاريءَ,102
ظرف,102
علاءُ,102
عهدنامو,102
فرهاد,102
فلڊلفيا,102
فلمساز,102
کائيندس,102
ڪُک,102
ڪتابڙي,102
ڪڙين,102
ڪفيل,102
گال,102
گهمندڙ,102
گھٽي,102
ڳهي,102
لاچاري,102
لکنو,102
ليث,102
مُهر,102
ماريائين,102
مامرو,102
محيط,102
مڙن,102
مشرڪ,102
معاهدن,102
موٽرن,102
ميو,102
نامون,102
نياپي,102
هڏو,102
وَهي,102
ويجهڙائپ,102
ويڙهيچن,102
وينجهار,102
ياتري,102
اَڃا,101
ابوجهل,101
اڀرن,101
اسڪائوٽ,101
اشتهارن,101
الملک,101
اھل,101
اوڏيءَ,101
ايسرداس,101
ايلس,101
ايلن,101
آريءَ,101
آکي,101
بلدياتي,101
بهه,101
بيوفائي,101
ٻڌون,101
ٻنپهرن,101
ٻھراڙيءَ,101
پَري,101
پٽڪا,101
پڙھندڙ,101
پنگتي,101
پنهوارن,101
پھريان,101
پيادو,101
تيڏانهن,101
ٽوڪري,101
ثالث,101
جانوءَ,101
جانوري,101
جلاوطني,101
چاڙهيندا,101
چاهڻ,101
چندا,101
چوڏهون,101
ڇاڙهه,101
ڇڏينداسين,101
ڇوهه,101
خيرالدين,101
دُک,101
دڙڪي,101
دستاويزي,101
ڏٺئي,101
ڏسڻا,101
ذرڙن,101
رُنو,101
رٿائون,101
روپي,101
روزن,101
ريسٽورينٽ,101
زندھ,101
سُتو,101
سُري,101
سٿيل,101
سروسز,101
سميجا,101
سنڀاليندي,101
سورمي,101
سونن,101
سيهڙ,101
شامَ,101
شرمائي,101
شنوائي,101
ظ,101
عجز,101
عزرائيل,101
فتنو,101
فلمز,101
فولادي,101
کام,101
کٽولي,101
کيسو,101
ڪتابڙو,101
ڪراءِ,101
ڪعبة,101
ڪنبي,101
گهائل,101
گهگهر,101
گهوريندي,101
گورنرس,101
گونگا,101
لکتون,101
لکنوءَ,101
مَنۡ,101
ماٿرين,101
ماٽي,101
مايوسين,101
مثنويءَ,101
مع,101
معاھدو,101
معتقدن,101
مفتون,101
موڳو,101
نٽهڻ,101
نقاش,101
ننديرام,101
هُيس,101
هاليجوي,101
هريش,101
هيڻا,101
ھائو,101
وجهون,101
ورائڻ,101
وسار,101
وسندا,101
وهايو,101
وهٽن,101
ويک,101
يگانو,101
اُجرو,100
اُداسي,100
اٿلي,100
الاولياءَ,100
اوپرا,100
باقيات,100
براهوي,100
برسر,100
بقائي,100
بوسٽن,100
ٻُڌاءِ,100
ٻاڙي,100
ٻچڙا,100
ڀڙي,100
ڀونءَ,100
پائجي,100
پڇيائينس,100
پرٿوي,100
پريالوءِ,100
پڙھندڙن,100
تاجدار,100
تصويري,100
ٺاهيائين,100
ٿيلهيءَ,100
ٽنگيو,100
ٽيوشن,100
جارا,100
جنتا,100
چنڊول,100
ڇٽن,100
ڇوٽي,100
حُب,100
حتي,100
خدائن,100
دائودپوٽو,100
دهرايو,100
رازق,100
رپ,100
رکڻي,100
روانيون,100
سِڪي,100
سگھبو,100
سمجھھ,100
صوتي,100
عبدالطيف,100
عياش,100
غداريءَ,100
غيرن,100
فانوس,100
فتوائن,100
فقرو,100
کاهوڙي,100
کڙڪايو,100
ڪلور,100
ڪمربند,100
ڪوآپريٽو,100
ڪيرالا,100
ڪئالا,100
گُلاب,100
گاڏهي,100
گرمائش,100
گريئرسن,100
گزيٽ,100
گھاٽو,100
لاهيو,100
لهجن,100
لوهاڻي,100
ماپڻ,100
مسخ,100
معيارن,100
مفلوج,100
ملڪيتن,100
ملنگ,100
مناقب,100
منجھي,100
مهڪي,100
موراڪو,100
مونتي,100
موهنيءَ,100
ندا,100
نڪرڻو,100
نيشاپور,100
هارائڻ,100
هيرڻ,100
واجهائي,100
واڍي,100
وجھ,100
اٿائون,99
احساساتي,99
اڏيا,99
اسٽائن,99
اسڪندر,99
الدنيا,99
انگورن,99
آرپار,99
بخشيندڙ,99
بدبودار,99
بش,99
بعيد,99
بلڪھ,99
بيرو,99
بيلٽ,99
ڀسم,99
ڀڳڙا,99
پدمڻي,99
پرنسپل,99
پڪوڙا,99
پهرايو,99
پھچائي,99
پھلوان,99
پيڙائن,99
پيڙهيون,99
تحقيقاتي,99
جڏو,99
جوڙين,99
جيٽلي,99
ڄمندي,99
چيتن,99
ڇپڻ,99
ڇھن,99
ڇيڻو,99
حتمي,99
ديوانا,99
ڏنيس,99
رَسُولَ,99
زندان,99
زون,99
سارجنٽ,99
سانءِ,99
سرخي,99
سولا,99
سيوي,99
شمرانھ,99
شهاڻي,99
شهنشاهن,99
طبعزاد,99
عمارتي,99
عيني,99
غفار,99
فخرالدين,99
فلسطينين,99
فئمليءَ,99
کرڙي,99
کڙڪي,99
کيڏندا,99
ڪاتيءَ,99
ڪارنهن,99
ڪانگن,99
ڪاڻي,99
ڪرمتي,99
ڪمالات,99
گدرا,99
گراف,99
گوارا,99
ڳانڍاپي,99
لاشڪ,99
لالٽين,99
لڳيو,99
لنوائي,99
مُنهنجو,99
ماسڪ,99
متارا,99
محمدﷺ,99
مدام,99
مرجان,99
مصرين,99
مصلح,99
مندن,99
منگول,99
مهماني,99
مورڙو,99
ميد,99
ناليون,99
نوجوانيءَ,99
هٻڪندي,99
هيئين,99
واٽهڙو,99
وارتا,99
واهرو,99
وڌايا,99
وڌنديون,99
ويرو,99
وئينءَ,99
يڪراءِ,99
اُڻڻ,98
اُهڃاڻ,98
ابدال,98
اچيم,98
استقلال,98
التواريخ,98
انڪوائري,98
باش,98
بانگ,98
برائون,98
برد,98
برفتن,98
بره,98
برونائي,98
بڪار,98
بيجان,98
بيقراري,98
بينا,98
ٻانھون,98
ڀُري,98
پارانڇپائيندڙ,98
پائدار,98
پرڻ,98
پنجاه,98
پھچايو,98
پوپٽي,98
پيڪن,98
تاڙين,98
تجويزن,98
تريل,98
توت,98
تئي,98
ٿرين,98
ٽاءِ,98
ٽنڊوالهيار,98
ٽيان,98
جڙ,98
جولي,98
چالان,98
چيلي,98
حمزو,98
خودڪشيءَ,98
ده,98
ديڳڙي,98
ڊوڙون,98
ڍولڪ,98
ذرڙا,98
ڌاراجا,98
ڌم,98
ڌيئر,98
راڪ,98
ربي,98
رفتاريءَ,98
رنڊڪون,98
زنانو,98
ساراهيان,98
سانجهه,98
سوم,98
سيلون,98
شاهوڪارن,98
شھري,98
ضابطا,98
عهديدارن,98
فالتو,98
فصيح,98
فقرا,98
فيڪٽرين,98
قصر,98
کامي,98
کوري,98
کوليندي,98
ڪتيون,98
ڪلھوڙي,98
ڪوتاهين,98
گجرن,98
ڳوٺڙي,98
لڙيو,98
لوڻي,98
لوهاڻا,98
لوئر,98
ماپن,98
متا,98
متوازن,98
مڃون,98
مصروفيت,98
مڪالما,98
مهڻا,98
موتيرام,98
موسمون,98
مئلن,98
ندوي,98
هيڪاندي,98
ھلندا,98
وارڊن,98
وڃجو,98
ورهايا,98
وسرن,98
وقاصي,98
ابديت,97
اوليا,97
ايڪسپورٽ,97
اينگلس,97
آرڪ,97
آسودو,97
آواره,97
باشو,97
بدڪ,97
برھمڻ,97
بزمي,97
بسترن,97
بڻائين,97
بوس,97
ٻرو,97
ڀاڳين,97
پُڄي,97
پاٽولي,97
پڇاڻو,97
پرائمريءَ,97
پريڊ,97
پينو,97
تپسيا,97
ٺاپر,97
ٽار,97
ٽانڊو,97
جڪ,97
چاهنا,97
چڙهيس,97
چني,97
چيتو,97
ڇپجندڙ,97
حورن,97
حياءَ,97
دستبردار,97
ديرا,97
ڊڄو,97
ڏاچي,97
ڏاڙھي,97
ڏائي,97
ڏندين,97
ڏياريندي,97
ڏيساور,97
ڌوپ,97
ڌيئن,97
رکجن,97
رهجو,97
زنگ,97
ستاري,97
سلوار,97
سمجهبو,97
سميجو,97
سميرڊياڪوف,97
سنگائي,97
سوکڙيءَ,97
سيارا,97
سيالڪوٽ,97
سيڌو,97
شِو,97
عبادتگاهه,97
عبدالعلي,97
علحدگي,97
فنانس,97
قلندري,97
قونصل,97
کاڌيون,97
کڙڪائي,97
ڪَل,97
ڪِريو,97
ڪنجهي,97
ڪولمبس,97
ڪيرايو,97
گدلو,97
ڳراٽڙي,97
لکون,97
ماپو,97
ماڪوڙي,97
ماڳين,97
مانائتي,97
مائڪرو,97
مجاھدن,97
مسائل,97
مطالبن,97
مغيري,97
مواصلات,97
مونو,97
نيٽو,97
هُنَ,97
هالار,97
هستيون,97
هيبتناڪ,97
هيڪڙي,97
ھونءَ,97
ھيٺيون,97
وارنٽ,97
وڏڙا,97
ورنيڪيولر,97
وسندين,97
وڪي,97
ويڙهاند,97
يارَ,97
يوگوسلاويا,97
اٿلائي,96
اثرانداز,96
اڇڙي,96
احباب,96
اڌارام,96
اعتمادي,96
الاوليا,96
اوطاقون,96
آبادگارن,96
آدميءَ,96
آسو,96
آڱوٺو,96
آئيس,96
بڇڙا,96
بغاوتن,96
بھادري,96
بون,96
ڀڄندا,96
پائو,96
پرڳڻا,96
تنهجي,96
توسيع,96
ٿان,96
ٿاڻن,96
ٽالپري,96
ٽوٽل,96
جادوئي,96
جاميٽري,96
جٽادار,96
جدليات,96
جعفراڻي,96
جهڪايو,96
جوراب,96
ڄپايل,96
چادرن,96
چوٻول,96
ڇيلي,96
حيلو,96
خوددار,96
دانائيءَ,96
درسگاهون,96
ڊپو,96
ڏاري,96
ڏسندس,96
ڏيرن,96
ڌيمي,96
رُڃ,96
رائيٽرس,96
رپورٽنگ,96
رجسٽرار,96
زيارتگاهه,96
ساهس,96
سلائي,96
سوچڻو,96
سيارن,96
سيخ,96
شجرا,96
عُمر,96
عارفن,96
عينيه,96
غيرآباد,96
فرائيڊ,96
ڦاٽو,96
ڦاڪن,96
ڦٽڪا,96
ڦريا,96
کاڏي,96
کاوان,96
کلايو,96
ڪالر,96
ڪاليجي,96
ڪوشان,96
ڪيولرام,96
ڪئنيڊيءَ,96
ڳوري,96
لاٿائين,96
لڙڻ,96
لوط,96
مِٽيءَ,96
متارن,96
محرومين,96
مرهٺي,96
معرڪن,96
ملاقاتي,96
ناه,96
نمائي,96
هانوَ,96
هائوسنگ,96
هني,96
ھفتي,96
واسديو,96
وزارتن,96
وڪرمي,96
ولولو,96
اُنھيءَ,95
اٿندا,95
اجرت,95
اسپيڊ,95
الذي,95
اورنگي,95
اولهائين,95
ايڌي,95
آبادويب,95
آمده,95
آڻڻو,95
آوي,95
بدرالدين,95
بدولت,95
بيک,95
ٻئين,95
ڀڻڪيو,95
پاسيرا,95
پرچائي,95
پرچن,95
پنهن,95
تِر,95
تجر,95
تحفه,95
ٺاهينديون,95
ٺلهي,95
ٿالهيءَ,95
ٽڪن,95
ٽيڪا,95
جُنگ,95
جدلياتي,95
جهومي,95
چکڻ,95
چهار,95
ڇپيون,95
ڇري,95
حرا,95
حقو,95
خاطريءَ,95
دانشمند,95
ڊڄ,95
ڍٽ,95
ڍرا,95
رائي,95
رزميه,95
زياد,95
سازشي,95
سانڍيل,95
سانگو,95
سبحاني,95
سروپ,95
سفيان,95
سهل,95
سوجهري,95
سوچيل,95
شفاعت,95
شوخي,95
صدري,95
صلوات,95
طول,95
ڦاسڻ,95
قدرداني,95
قميصون,95
کٽا,95
کٽيون,95
کيڏندو,95
کيڏندي,95
ڪماري,95
ڪنار,95
ڪهڻيءَ,95
ڪوسا,95
ڪيري,95
گهرائيندو,95
ڳول,95
لٿاسين,95
لنگھڻ,95
مرتضى,95
مريخ,95
مسخري,95
معاھدي,95
معيشيت,95
ملنداسين,95
ميڙن,95
نَو,95
نائڪ,95
نخرا,95
نيپالي,95
هارمونيم,95
هڙپ,95
هوندن,95
وَس,95
واٽي,95
وتان,95
وٺبي,95
وٺرائڻ,95
وجدان,95
وجهيو,95
وراڻيومانس,95
وفائيءَ,95
وگيان,95
ووٽرن,95
ويڇا,95
يگيه,95
اُگهاڙو,94
اِ,94
اچجو,94
اڇليو,94
اڇيون,94
اذيتن,94
اساس,94
اسپينسر,94
اسٽڊيز,94
اسٽيبلشمينٽ,94
اشتقاق,94
العلي,94
القدر,94
انتھائي,94
اڻڄاتل,94
اينداسين,94
آراسته,94
آنجا,94
بردبار,94
برقعي,94
بيمثال,94
ٻنڌڻ,94
ڀليون,94
ڀئو,94
پاڇولا,94
پاڪيزگي,94
پائونڊن,94
پائيندڙ,94
پڙتال,94
پکراج,94
پوشيده,94
پينسلوانيا,94
پئسه,94
تَر,94
تالا,94
تڏا,94
تعميراتي,94
تياڳي,94
ٺاهن,94
ٺوڙهو,94
ٿيلها,94
ٽوئر,94
جهڪڻ,94
جهڳڙي,94
جوڙيندا,94
جيترن,94
ڄمندو,94
چاھ,94
چٽڻ,94
چراگاهه,94
چقمقي,94
چندروءَ,94
ڇايا,94
ڇنڊو,94
خانقاه,94
خطاط,94
دوز,94
دينا,94
ديوانن,94
ڊارلنگ,94
ذريعه,94
رکجان,94
رومانيا,94
سُرت,94
ساڀيا,94
ساهرن,94
سرجڻهار,94
سڦل,94
سليماني,94
سندون,94
صلواتون,94
صنوبر,94
عنها,94
فائيو,94
فدوي,94
فڪرمند,94
فيڪٽريءَ,94
ڪارروائيءَ,94
ڪاروهنوار,94
ڪڪڙين,94
ڪنڌين,94
ڪولابا,94
ڪئسٽ,94
گرنار,94
گھاٽي,94
گھڙڻ,94
ڳڻن,94
مُرڪن,94
مارڪيٽنگ,94
معاهدا,94
مليم,94
مهانگيون,94
مينگل,94
نُک,94
نامناسب,94
ناھيد,94
نشانيءَ,94
نهوڙي,94
نوَن,94
هلايائين,94
ھيڏي,94
وَلا,94
وَمَا,94
وڃجانءِ,94
وڌيس,94
وراڻيم,94
وقوع,94
وڪوڙيل,94
ويساھ,94
اَڌ,93
اُڇل,93
اُڏائي,93
انجير,93
انصار,93
اوجاڳا,93
بريف,93
بسترا,93
بولٽن,93
بيٺاسين,93
ٻالڪن,93
ٻٽ,93
ٻيڻا,93
ڀاڳو,93
ڀوڄ,93
پراچين,93
پسان,93
پهاڙين,93
پورين,93
پيارَ,93
تائب,93
ترائيءَ,93
تسخير,93
تميم,93
ٺڳن,93
جسونت,93
جھڪائي,93
جونپوري,93
جيايم,93
جيئندا,93
ڄاڙي,93
ڄيٺانند,93
چُلهه,93
چاڙھي,93
چغتائي,93
چندي,93
ڇور,93
حداد,93
خروشيف,93
دُنِيا,93
داريءَ,93
دشت,93
ڏيندڙن,93
ذ,93
رابطن,93
روپن,93
روٽيءَ,93
سِري,93
سارَ,93
ساکي,93
سرسي,93
سلوڻي,93
سندهي,93
سولجر,93
شاهدين,93
شناختي,93
طوطا,93
ظهر,93
عباسيه,93
عربيه,93
عرساڻي,93
فدائي,93
ڦٽيل,93
کٿا,93
کز,93
ڪُون,93
ڪانوَ,93
ڪچھري,93
ڪڍيائون,93
ڪربلائي,93
ڪرنسي,93
ڪلري,93
ڪوليا,93
لاپرواهي,93
لارين,93
لاله,93
لاھڻ,93
لڳائين,93
لهرين,93
مِلي,93
ماٺيڻي,93
ماڻا,93
ماڻيندڙ,93
مرداني,93
مريو,93
مزاري,93
مڙهيءَ,93
مصداق,93
مظاهر,93
مظهرالحق,93
ملاقاتن,93
مليالم,93
منڊليءَ,93
منگل,93
موٽرون,93
مؤن,93
نکٽ,93
نگريءَ,93
ننگو,93
نيڪين,93
ھنر,93
ونگي,93
اُمنگ,92
اٿيس,92
افڪار,92
اڻٿڪ,92
اوچ,92
اورينٽل,92
اونها,92
آڊيو,92
آزمودگار,92
بنجن,92
ٻُڌائڻ,92
ٻاراچ,92
ٻاروتڻ,92
ٻرندو,92
ٻوڌي,92
پَٽي,92
پاهڻ,92
پڌرائي,92
پرڻجي,92
پرڻو,92
پروفيسرن,92
پڪنڪ,92
پلصراط,92
پنير,92
پوريو,92
تاحيات,92
تلسي,92
تماشي,92
تناظر,92
ٺڪاڻو,92
جاڙو,92
جاڙيجا,92
جنهنکي,92
جوڻي,92
ڄاڃي,92
چاهيندڙ,92
چڪلي,92
چمچو,92
چيئرپرسن,92
ڇاڙ,92
ڇڪيندا,92
حروف,92
حريف,92
حسرتون,92
دفنائڻ,92
دلعزيز,92
ذميواريءَ,92
رشيءَ,92
رقمون,92
رڪعت,92
رھيل,92
زان,92
زڪام,92
زيبو,92
زيديءَ,92
سُرَ,92
ساڌوءَ,92
سامعين,92
سانڍيو,92
ستابي,92
سڃا,92
سڃاتي,92
سڄيون,92
سرنگون,92
سرهنديءَ,92
سڪندري,92
سنگتيءَ,92
سئيز,92
شڌ,92
شعاري,92
شعراءِ,92
شگفته,92
شورا,92
شوقيرام,92
ضم,92
فرشتي,92
فضائل,92
فيريءَ,92
قبلي,92
کاٻو,92
کپائڻ,92
کورا,92
کوڙيا,92
ڪَنن,92
ڪِين,92
ڪالرا,92
ڪامي,92
ڪڍائڻ,92
ڪڙيءَ,92
ڪشميرين,92
ڪڪڙن,92
ڳاڙھي,92
لامارا,92
لاها,92
لائونج,92
لوڙها,92
مالٽا,92
ماندي,92
متڀيد,92
متفقه,92
محڪمي,92
مرحومه,92
مرڪندڙ,92
مرڻي,92
مشتري,92
مفسر,92
ميرٽ,92
ميگهه,92
ميمبرشپ,92
نُنهن,92
نواءِ,92
نيتيءَ,92
نيزا,92
هاتف,92
هڙپا,92
همدم,92
هڻو,92
هينئون,92
والار,92
وساريان,92
وليجان,92
ويندينءَ,92
يڪا,92
اُڏري,91
ابداليءَ,91
اٽڪايو,91
اچج,91
اڏامندي,91
اڏيءَ,91
ارپڻ,91
اسٽئڪ,91
الانسان,91
الحاق,91
الحسيني,91
المؤمنين,91
آزاري,91
آزمايو,91
آموز,91
باهو,91
برا,91
بسال,91
بهتان,91
ٻٻرن,91
ٻهڳڻ,91
پُراڻي,91
پارڪري,91
پائن,91
پروفيشنل,91
پسارڪي,91
پڦيءَ,91
پناھه,91
پوڙهيون,91
پياريون,91
پيپلس,91
پئين,91
تاتاري,91
تانيا,91
تڪيندي,91
ٽالپورن,91
ٽپڻي,91
ٽرمينل,91
ٽيٽو,91
جبريل,91
جنڪشن,91
جھڙيءَ,91
جيسي,91
چٿر,91
چنن,91
ڇتن,91
ڇڪائڻ,91
درگاهون,91
ڊرامائي,91
ڏکيون,91
ڌوتل,91
رباعيون,91
رٿي,91
رجسٽريشن,91
روچيرام,91
روئن,91
ريفريجريٽر,91
زمرد,91
سالو,91
سبا,91
سپي,91
سٽيل,91
سڌن,91
سرجيل,91
سرڪس,91
سفري,91
سلا,91
سنڱ,91
سورلي,91
سوڙهه,91
سيرو,91
سيکڙاٽ,91
سينگاپور,91
سئنيمائن,91
صاحبزادي,91
صورتخطيءَ,91
طبري,91
طوائف,91
عاقبت,91
عليل,91
غريبيءَ,91
غنڊن,91
فارمولا,91
فٽن,91
فڪرن,91
قباچه,91
کڏون,91
ڪاپاري,91
ڪاظمي,91
ڪانگل,91
ڪراهت,91
ڪرمتين,91
ڪوتاهه,91
گڏجن,91
گولائي,91
لِڪي,91
لطيفه,91
لڳائيندو,91
لوٽي,91
مَنُ,91
مُلڪن,91
ماٺيڻو,91
ماروئڙا,91
مٿاڇرو,91
مزيد,91
معاشرت,91
مقدمه,91
مڻيادار,91
مهمانَ,91
ميرچنداڻي,91
نارنگي,91
ناڙيءَ,91
ناھن,91
نظربنديءَ,91
نهرون,91
نوڪرياڻيءَ,91
هاڃو,91
هنجن,91
هوپ,91
هيچ,91
هيڊو,91
هيڪ,91
ھئائون,91
واپڊا,91
واد,91
وڌائيندا,91
وکن,91
ويجھا,91
ياماگچيءَ,91
اُٿيا,90
اداسيءَ,90
اڌارا,90
اسٽئنڊرڊ,90
اسرارن,90
اڳڙي,90
الرسول,90
المخلوقات,90
الوداعي,90
امروٽيءَ,90
اميري,90
انگل,90
اهلبيت,90
آسڻ,90
آفتن,90
بدصورت,90
برتن,90
برق,90
بست,90
بوندون,90
ٻنهيءَ,90
ڀوپتيءَ,90
پتوڙيو,90
پڌرنامو,90
پروپئگنڊا,90
پستڪ,90
پڳڙي,90
پنچائت,90
پهاڙيءَ,90
پوندءِ,90
پيٺل,90
تبارڪ,90
تنڪو,90
تھڙي,90
تولارام,90
ٽالسٽاءِ,90
ٽيڙي,90
جِن,90
جابجا,90
جهوپڙين,90
جوڻيجا,90
چاڪي,90
چترال,90
چهٽي,90
ڇڇ,90
حنيفه,90
خورد,90
خوفزده,90
دانن,90
دعاگو,90
دوان,90
ڏوهيڙا,90
رهياسون,90
سُڪائي,90
ساريندي,90
سامون,90
سڏڙا,90
سکندو,90
سهيلي,90
سوراخن,90
شارجا,90
شعلو,90
شڪرالله,90
طعنو,90
عاصي,90
عاليءَ,90
عبادتن,90
عريضي,90
عطارد,90
عقلمندي,90
عيدون,90
ڦِٽي,90
قرامطي,90
ڪُوڙ,90
ڪاسٽر,90
ڪٽهڙي,90
ڪنوارين,90
ڪوٽڏيجي,90
گذاريندي,90
گرئجوئيٽ,90
گڙ,90
گهراڻا,90
لاتعلق,90
لاهن,90
ليتيءَ,90
ليجسليٽو,90
مارگ,90
مرڪون,90
منھنجون,90
مهانڊي,90
مودي,90
موڪي,90
موهيو,90
نبيرڻ,90
نپوڙي,90
نزول,90
نڪرو,90
نيشان,90
هٽيو,90
هوالحي,90
هوور,90
ھمراھن,90
واڌايون,90
واڱڻائي,90
وآله,90
وڌم,90
ورزي,90
ونگون,90
ووٽر,90
يد,90
اڏائڻ,89
ارهه,89
اسٽرائيڪ,89
افراد,89
اڪن,89
اھائي,89
اوباما,89
اوستا,89
باشي,89
بڪت,89
بيخود,89
ٻاجهر,89
ٻٽون,89
ٻک,89
ڀاڳل,89
ڀولڙن,89
پُڇڻ,89
پائيءَ,89
پڊ,89
پريا,89
پسو,89
پنبڻين,89
پورائيءَ,89
پيارُ,89
تُروئِي,89
تانگهي,89
تنور,89
ٿائيلينڊ,89
ٽارچ,89
ٽهل,89
جُٺ,89
جاهه,89
جعلي,89
جماڻيءَ,89
جهليندي,89
جيمز,89
چڙهندڙ,89
چوکو,89
چوني,89
ڇتا,89
ڇتيون,89
ڇيڙ,89
خزانه,89
داناءَ,89
دلپذير,89
ديگر,89
ديوانگي,89
ڏنگو,89
رائچند,89
رائيس,89
رخشي,89
رسيور,89
رنگٽ,89
رود,89
رودناڻي,89
روڪيندي,89
زهريلا,89
سِرن,89
ستائڻ,89
سرڪ,89
سگھندس,89
سندهه,89
سهنجي,89
سوڳوار,89
سونيون,89
شاهديءَ,89
ظرافت,89
غاصب,89
فان,89
فخري,89
فقرن,89
فيودور,89
قباد,89
کتو,89
کلو,89
ڪاهل,89
ڪاهو,89
ڪڏهوڪو,89
ڪرنگهي,89
ڪلثوم,89
ڪنڊيڪٽر,89
ڪورو,89
ڪيلا,89
ڪئنس,89
گروه,89
گهرڙن,89
ڳاتو,89
لاپرواهيءَ,89
لطيفو,89
لڪا,89
لوهر,89
مِينهن,89
ماٺي,89
ماجد,89
مانواري,89
ماڻڪن,89
مدينو,89
مروان,89
منڊيون,89
موالين,89
ميڙا,89
ميمڻن,89
ميوارام,89
نجف,89
ننگي,89
هاج,89
هٿراڌو,89
هذا,89
هوٿل,89
هيگ,89
واچوڙي,89
وائڙن,89
وڃڻي,89
ويجهڻ,89
يروشلم,89
اَي,88
اُڃايل,88
اُمالڪ,88
ابڙا,88
اتيئي,88
اچارڻ,88
اسري,88
اشتر,88
اڱاري,88
العباد,88
الڪو,88
اهڙائي,88
ايڊيٽنگ,88
ايندينءَ,88
آبروءَ,88
باسي,88
بحرن,88
بڪين,88
بنڊ,88
بهره,88
بوده,88
ڀُلي,88
ڀرڻو,88
ڀوميءَ,88
پاپا,88
پچو,88
پڌريون,88
پروٽان,88
پلٽڻ,88
پنجهتر,88
پنجو,88
پهچان,88
پئبلو,88
تريون,88
تمغو,88
تمنائون,88
تواضع,88
ٺپي,88
ٺٺوليون,88
ٿڪو,88
ٽانڊي,88
جلندر,88
ڄنگهن,88
ڄڻيون,88
چاٽ,88
چکيا,88
ڇپبا,88
ڇيڙيو,88
حديقة,88
حصيدار,88
خروش,88
خصلت,88
خيالَ,88
خيل,88
دالان,88
دعوائون,88
ڊيپو,88
ڍاري,88
ڏوڪڙن,88
رٿائن,88
رڱڻ,88
روئيندي,88
سَت,88
سڃاتا,88
سڃي,88
سربراهيءَ,88
سکڻو,88
سهڻل,88
سيمينارن,88
شوقينن,88
فرقيوار,88
فقر,88
ڦيرڻ,88
قافيا,88
قربت,88
قيمتون,88
کدوءَ,88
ڪَٺو,88
ڪرونا,88
ڪڙم,88
ڪلاڪارن,88
ڪنگرا,88
ڪوڏيا,88
ڪويتائن,88
ڪيڙن,88
ڪينهي,88
گاڏن,88
گدڙن,88
گذاريل,88
گرڌاري,88
گلم,88
گلئسٽن,88
گوئٽي,88
گئگنيئَر,88
ڳليءَ,88
لوٽو,88
لوفر,88
ليڊيز,88
مَس,88
ماڌو,88
مثاني,88
مسلح,88
مشنري,88
مشينريءَ,88
موٽو,88
موجد,88
مئريٽائيم,88
ناوليٽ,88
نغارا,88
هلاڪو,88
واھھ,88
وتو,88
وٽيءَ,88
وجوديت,88
ورانڊو,88
ورڇي,88
وڙھي,88
وينداسون,88
يڪتاري,88
اپاءُ,87
اٿينز,87
اڌارو,87
استدعا,87
استعارا,87
اشرفيون,87
اقتداري,87
البرٽ,87
البقيع,87
امروٽ,87
انڌاري,87
اوجاڳن,87
ايجادن,87
ايڪس,87
آبادڪاري,87
آرامده,87
آگم,87
آهيهن,87
بڇان,87
بکون,87
بنگل,87
بهڻ,87
ٻوٽيءَ,87
ٻولڻ,87
ڀالي,87
ڀڄايو,87
ڀڳتن,87
پاپولر,87
پسارڪو,87
پساهن,87
پلن,87
پندرهون,87
پيادي,87
پيڪي,87
ترڪڻ,87
تيلين,87
ٿوروئي,87
ٽُٽل,87
ٽنھي,87
جادم,87
چائي,87
چھرو,87
چيزون,87
حياتين,87
خبرداري,87
خرقو,87
دوارڪا,87
دوش,87
دولتمندن,87
ڊرائينگ,87
ڊئٽ,87
ڏسنداسين,87
ڏئيس,87
ذخيرن,87
رامديو,87
رجحانن,87
رڪارڊنگ,87
زيارتين,87
سِٽون,87
ساديون,87
سرائيءَ,87
سمهن,87
سڻڀ,87
سهيلين,87
سولنگيءَ,87
سومناٿ,87
سياه,87
سياهه,87
شبهي,87
شعبا,87
غارت,87
کيڏ,87
ڪُتا,87
ڪاردار,87
ڪاريڊور,87
ڪانگو,87
ڪتڻ,87
ڪڇيءَ,87
ڪرسٽيءَ,87
ڪويءَ,87
ڪياني,87
ڪئنيڊي,87
گهرايائين,87
گھاٽ,87
لڱا,87
لوڏن,87
ليکجڻ,87
مُني,87
ماھوار,87
مثنويون,87
مدراسي,87
مهاتير,87
موجن,87
نخلستان,87
نهٺائي,87
هروي,87
هيڪڙائي,87
واڻيي,87
وچيون,87
وڻجارن,87
اُپاءَ,86
اجڙيل,86
احاطو,86
ارميل,86
اسلاميءَ,86
اڪائونٽ,86
اڪتفا,86
البقره,86
امدادي,86
انجنيئري,86
اوصاف,86
اوندھه,86
آتشي,86
آثم,86
آزي,86
آمنه,86
بَر,86
باباءِ,86
بادشاھن,86
بخشاڻي,86
بخود,86
بروڪلن,86
بورچيءَ,86
ٻُڌا,86
ٻاڻ,86
ڀڄائڻ,86
ڀريندڙ,86
پيڪر,86
تختن,86
تندن,86
ٿڪائيندڙ,86
ٽَڪر,86
جماڻ,86
جنبش,86
جوڙيندڙ,86
جيتي,86
چاٻيون,86
چانھھ,86
چٻرو,86
چٽائي,86
چنبو,86
چڻنگون,86
چوانس,86
چيائونس,86
درخواستون,86
درمان,86
ڊيگھه,86
ڏِسي,86
ڏوراپو,86
ڏوهٽو,86
ڏيھ,86
رابرٽس,86
ربانيءَ,86
رليون,86
رمزون,86
رهنديس,86
روپلي,86
ريپبلڪ,86
زلزلن,86
ساهيءَ,86
سبزل,86
سترام,86
سٿرا,86
سجهي,86
سڏائيندو,86
سڙيو,86
سمهيو,86
سنگن,86
سهاڳڻ,86
سهين,86
سوَن,86
سوُر,86
سوچجي,86
سوڙهين,86
سوکڙين,86
سوليءَ,86
سونارن,86
سيکاريا,86
صلاحڪارن,86
صوفيانه,86
عَلَى,86
عمريون,86
غزاليءَ,86
فرهنگ,86
فقيهن,86
فلاسافي,86
ڦوهاري,86
قَالَتْ,86
قيدخاني,86
کڙڪ,86
ڪايا,86
ڪئيسين,86
گپتا,86
گهوٽن,86
گهورڻ,86
ڳايون,86
لاشا,86
لاشو,86
لڙڪائي,86
ليکن,86
ليمبرڪ,86
مَردن,86
مُکي,86
ماروٽ,86
ماريندي,86
مامرا,86
مجموعن,86
مريدي,86
مصلي,86
ملندءِ,86
منقبت,86
موٽن,86
مونجهارا,86
موهت,86
ميٽرو,86
ميريءَ,86
نرودا,86
نعتيه,86
هنڌين,86
ھرات,86
واڍو,86
وڌس,86
ولسن,86
يحيي,86
يوحنا,86
اُڀرندو,85
اڀريا,85
اثير,85
اڏوهي,85
اردگرد,85
اسٿان,85
اگهاڙن,85
الستي,85
ايڊيسن,85
آزيون,85
آسون,85
آگبوٽ,85
باگو,85
بالادستي,85
برادرين,85
برياني,85
بلغاريا,85
ٻال,85
ٻاهرينءَ,85
ڀالوا,85
ڀائپيءَ,85
ڀٽڪيل,85
پُڙ,85
پارڪن,85
پکڙيا,85
پورهيا,85
پيالن,85
پيدل,85
پيران,85
تخلق,85
ترسڻو,85
ٺڪيل,85
ٿانوَن,85
ٽاڊ,85
ٽانڪي,85
ٽريول,85
ٽيمپريچر,85
جاڳيا,85
جانچي,85
جهڻ,85
چبوتري,85
چنين,85
چوکي,85
چئج,85
ڇُٽو,85
ڇنڊڻ,85
حسرتن,85
حسنه,85
حي,85
خندق,85
ڏبا,85
ڏيپر,85
ڏينس,85
ڏيهاڙي,85
ڌنون,85
رڏ,85
رنگيني,85
رولٽ,85
سُمهي,85
سِڪَ,85
سائره,85
سائيڊ,85
سماترا,85
سمئس,85
سنتريءَ,85
سنگهڻ,85
سهن,85
سهندو,85
سوگھو,85
شافعي,85
طغرل,85
عھد,85
فريده,85
ڦڏي,85
قبلو,85
قريبن,85
ڪرايان,85
ڪهاڙيءَ,85
ڪومائجي,85
ڪيني,85
ڪينئان,85
گهاءَ,85
گهه,85
گھلي,85
گودام,85
ڳايان,85
لاريون,85
لالواڻي,85
لشڪرين,85
مُئو,85
مارڪون,85
ماروءَ,85
مجبورن,85
مسواڙي,85
مفلسي,85
مقامن,85
منجھيل,85
مڻين,85
مهانڊو,85
مؤنث,85
ناپيد,85
ناشتي,85
نامدار,85
نماڻا,85
نيا,85
هارپو,85
هزارها,85
هوسٽس,85
هيڊي,85
وڌوا,85
ورتس,85
ورنن,85
وسيل,85
ونڊڻ,85
ويرن,85
يکي,85
اَنَ,84
اُٿاري,84
اُو,84
اڀار,84
اپوح,84
ارادت,84
ارڪان,84
افزا,84
الفتح,84
انديشي,84
ايڊيٽرن,84
ايئرڪنڊيشن,84
آستاني,84
آئيندو,84
بدويءَ,84
بوري,84
بيلجم,84
بيهو,84
بئري,84
ٻاريا,84
ٻٽاڪ,84
ٻچڙي,84
ڀِٽ,84
پڇجي,84
پرستش,84
پروري,84
پڳو,84
پلازا,84
پلين,84
پوپٽن,84
پيهڻ,84
ترڪيبون,84
تصرف,84
تقابلي,84
ٿاٻا,84
ٿانورداس,84
ٿلهيون,84
ٿورين,84
ٽربيونل,84
ٽوٽڪا,84
ٽوٽي,84
ٽور,84
جلايو,84
جول,84
ڄاتي,84
چاڙها,84
چٻاڙي,84
چڪور,84
چڱاين,84
چنجڻي,84
چنگيزي,84
چوانءِ,84
حورون,84
خر,84
خلجيءَ,84
دانگي,84
دلم,84
ديھه,84
ڏوه,84
رٺل,84
رضويءَ,84
رقابت,84
رليءَ,84
ساروڻين,84
سامتاڻي,84
سرجري,84
سڳن,84
سلاطين,84
سونارو,84
سيام,84
سيڪنڊن,84
شاعراڻو,84
شامون,84
شهادتن,84
صحافيءَ,84
صراف,84
صوفن,84
عنات,84
فتويٰ,84
فٽبال,84
فلسفيانه,84
فين,84
ڦٽندا,84
ڦلاڻي,84
ڦڻ,84
قصد,84
کاڌائون,84
کليون,84
ڪارونڀار,84
ڪڍيم,84
ڪوڏين,84
ڪوڙڪي,84
ڪيسواڻي,84
ڪيلو,84
ڪئليفورنيا,84
گرافر,84
گلدسته,84
گناھ,84
گوار,84
ڳالھائيندو,84
ڳڀي,84
ڳچين,84
ڳرڻ,84
لطيفا,84
مردانگي,84
معتصم,84
ملائيندي,84
ملياسين,84
مهار,84
مورچي,84
موريءَ,84
ناکئا,84
ناڪامين,84
نانءِ,84
نجمه,84
نصيبي,84
نمرود,84
نهاريائين,84
نوشهرو,84
نيويءَ,84
هڊسن,84
هود,84
ھٽي,84
واصف,84
واڳن,84
وائڙي,84
وجھن,84
وجھندو,84
وڃائين,84
وڇي,84
ورجائڻ,84
وساريل,84
وسيو,84
ونواھھ,84
وڻجارا,84
وينتي,84
وينگس,84
ويهجي,84
يھودين,84
اُهائي,83
اڇاڻ,83
ارض,83
اسمن,83
الموت,83
اندلس,83
اوقات,83
اينديس,83
آبادڪاريءَ,83
آسودگيءَ,83
باقائدي,83
بچائيندو,83
برنارڊشا,83
بستر,83
بليدي,83
بهمن,83
بيچينيءَ,83
بيمس,83
ٻوڙيو,83
ڀاڙا,83
ڀالن,83
ڀانن,83
ڀاونا,83
ڀوڪ,83
ڀؤنر,83
پامير,83
پانيلن,83
پرڪشش,83
پرهيزگاري,83
پروان,83
پڪيءَ,83
پلازه,83
پنجئي,83
پنھنجين,83
پڻهين,83
پيتا,83
پيتائين,83
پيناما,83
ٿڪائي,83
ٿڻن,83
ٽُڪرا,83
ٽِڪي,83
ٽڪليون,83
ٽلي,83
جُڳن,83
جبين,83
جهاتيون,83
چپڙن,83
چترڪاريءَ,83
چنبن,83
چئجانءِ,83
ڇڄ,83
ڇڪيندو,83
ڇيلو,83
حبدار,83
خارجه,83
خولان,83
داءَ,83
داخلائون,83
دارالحڪومت,83
دماغن,83
ڍلن,83
ڏياريائين,83
راڄي,83
رتا,83
رحماني,83
زيارتي,83
سامبس,83
سگهارا,83
سھارو,83
سوچيون,83
شائسته,83
شعيب,83
شهاڻيءَ,83
صابو,83
عمير,83
فلاڻا,83
فلسفياڻي,83
ڦٿڪڻ,83
قطرو,83
ڪالونيون,83
ڪاهن,83
ڪچلڻ,83
ڪڍبو,83
ڪميڻي,83
ڪولهين,83
ڪيڏاري,83
ڳاٽي,83
لانگهائو,83
لتاڙ,83
لميٽيڊ,83
لهان,83
لوھ,83
ليکراج,83
مارڪيٽون,83
مجموعه,83
محسوسات,83
مرڪزيت,83
مزاجيءَ,83
مزدوريءَ,83
مشرڪن,83
مصالحا,83
مظاهري,83
مظهرن,83
مفلسيءَ,83
ملاوت,83
مهانڊا,83
موٽندا,83
مومنن,83
ناراضگيءَ,83
ناظر,83
نموده,83
نهري,83
هست,83
هيٺاهون,83
هيڪلو,83
هيڪلي,83
واعدن,83
وجودي,83
وڻڻ,83
ويڇو,83
ويرون,83
ويندءِ,83
ويھاريو,83
ياداشت,83
يوگ,83
اداڪاره,82
ادائي,82
اڙٻنگ,82
اڪسير,82
الٽيون,82
الست,82
الئه,82
انسائيڪلو,82
اڻوڻندڙ,82
اوڻهين,82
ايئرڪنڊيشنر,82
آٽوگراف,82
آريجا,82
آئينءَ,82
بدعت,82
برگر,82
بغاوتون,82
بکين,82
بنايا,82
بندگيءَ,82
بنھه,82
بڻبا,82
بيٺڪي,82
ٻاراڻا,82
ٻڍا,82
ٻنڌڻن,82
ڀَري,82
ڀڳوت,82
ڀلايون,82
پاڙيسريءَ,82
پاليندا,82
پڄڻ,82
پرامن,82
پران,82
پرستار,82
پڙا,82
پيٽرڪ,82
تاتارين,82
تاراج,82
ترندا,82
ترنگ,82
تنزل,82
توريو,82
تونگر,82
ٺ,82
ٺينگ,82
ٽنبي,82
جِت,82
جوڻو,82
چرندڙ,82
چڙهه,82
چڪري,82
چڳ,82
چوڏھن,82
ڇڪيندي,82
ڇوڏا,82
خلدون,82
خول,82
خيرخواهه,82
دراوڙن,82
دولترام,82
ڊنو,82
ڏسبي,82
ڏسنديون,82
ذميداريءَ,82
راڄو,82
ربنواز,82
ردم,82
رلندو,82
زري,82
زمري,82
سارتر,82
سائيگان,82
سڌارٿ,82
سنهالي,82
سوڙهيون,82
ضرورتمند,82
عجائبات,82
علمائن,82
فراءِ,82
ڦوٽا,82
ڦيريندي,82
قاچار,82
کڏو,82
کيڪاريو,82
ڪانگا,82
ڪٺل,82
ڪٽلي,82
ڪمپائونڊر,82
ڪنڀ,82
گرانڊ,82
گفتي,82
گلڙن,82
گندگاهه,82
گهٽبو,82
لاتعلقي,82
لاڳيتا,82
لاهوت,82
لقا,82
لھجي,82
لوڪرام,82
مُسافر,82
مِٽ,82
ماتمي,82
مره,82
مصريءَ,82
ملزوم,82
منهوڙي,82
موافقت,82
موڪليندي,82
مونڏي,82
نشونما,82
نئڙت,82
هٿَ,82
هماليا,82
هيرس,82
ھلڪو,82
ھمراھه,82
ھئين,82
وچڙي,82
وراڪا,82
وڻين,82
يرغمال,82
اڌڙوٽ,81
اطالوي,81
البيان,81
الک,81
امبر,81
اندازن,81
اوجاڳو,81
ايڪانامڪس,81
أَبِي,81
باغيءَ,81
ببر,81
بدو,81
برجستو,81
بورچيخاني,81
بورڊن,81
بئنگلور,81
ٻنجو,81
ڀاڙيو,81
ڀائن,81
ڀٽا,81
پتني,81
پٿريلي,81
پرڻيو,81
پڙن,81
تبصري,81
تصورات,81
تلافي,81
ٺٺولي,81
ٿورڙن,81
ٽراٽسڪيءَ,81
جَون,81
جڳديش,81
جلدئي,81
جنمن,81
جهرمر,81
جهوپڙيون,81
چانڊوڪيون,81
چورائڻ,81
چولستان,81
ڇيد,81
حاني,81
خواص,81
دانگيءَ,81
درستي,81
درگا,81
دوام,81
دولاب,81
ديال,81
ڊوڙيو,81
ڊوهه,81
ڊيڄارڻ,81
ڏُور,81
ڏينم,81
ڌاڙن,81
راما,81
روضة,81
روڪين,81
رونقون,81
ريا,81
سامراجيت,81
سگهنديس,81
سنڀار,81
سھڻا,81
سوانحي,81
سيزر,81
سيڪٽر,81
سينڊل,81
شافي,81
شالا,81
صائب,81
طوق,81
عليڪ,81
عليهم,81
غروب,81
غلطان,81
غيرمعمولي,81
ففٿ,81
فگار,81
ڦُري,81
ڦرمار,81
ڦڙن,81
ڦيٿي,81
قومپرستن,81
کاڄا,81
ڪُنن,81
ڪِٿي,81
ڪلامي,81
ڪنگال,81
ڪومبس,81
گهرايل,81
گهونگهٽ,81
ڳائن,81
لاطينيءَ,81
لپيٽ,81
لڳان,81
لنبي,81
لئبرريءَ,81
مٿير,81
محتاجن,81
مسافرخاني,81
مڪيش,81
موٽايو,81
موسيقارن,81
ميدن,81
ميڊيسن,81
ميڏا,81
نچ,81
نراسائي,81
هاليجي,81
هتڙي,81
هور,81
ھنج,81
وائس,81
وجھندا,81
ورکا,81
ورھائي,81
وهو,81
ويندؤ,81
اُڻ,80
اپڀرنش,80
احڪامن,80
اربين,80
استقباليه,80
اسٽيم,80
الامين,80
اهنجن,80
اوتاري,80
اوڏڪي,80
آفندي,80
آهيس,80
آئرش,80
بچائيندي,80
بدحاليءَ,80
بدناميءَ,80
برهانپوري,80
بزار,80
بستان,80
ٻڌائن,80
ڀائيندا,80
ڀڳونتي,80
پڙھندو,80
پسن,80
پڪائي,80
پنجاھ,80
پهريدارن,80
ترورا,80
تڪن,80
ٽورنامينٽ,80
ٽوئرزم,80
ثمود,80
جڪارتا,80
جنرلن,80
جهانسيءَ,80
جهڳڙن,80
جولان,80
ڄاتائين,80
ڄڻيندي,80
چِٽي,80
چاليهي,80
چل,80
چمڙا,80
چمڪدار,80
چمڪن,80
چمڪيو,80
ڇر,80
ڇنل,80
ڇوريءَ,80
حڪوءَ,80
خانقاهون,80
داغدار,80
ڊڪٽيٽر,80
ڏھه,80
ڏياريءَ,80
ڏيکاريندڙ,80
رابعه,80
رانجهي,80
راويءَ,80
رکايو,80
رکبي,80
رهيم,80
ريکائون,80
سُجهي,80
سِسي,80
سانتيڪي,80
سرلا,80
سلاست,80
سنجهوري,80
سنيها,80
سيخن,80
سيڪڙي,80
شعاريءَ,80
شميءَ,80
عاليه,80
عنقريب,80
فائل,80
فائينل,80
فتوا,80
فراز,80
فورڊ,80
ڦڙڪي,80
قبض,80
قدير,80
کوپي,80
ڪالونين,80
ڪپري,80
ڪڇن,80
ڪرسٽي,80
ڪهاڙيون,80
ڪھڙيون,80
ڪويل,80
گُذري,80
گامزن,80
گامونءَ,80
گسن,80
گهميل,80
گورکناٿ,80
لاهيءَ,80
لنگھه,80
لهين,80
لوئس,80
ليکيءَ,80
ماپا,80
ماسترياڻي,80
مانائتو,80
مائٽيءَ,80
متيا,80
مرثيو,80
مرهٽي,80
ممنون,80
منا,80
مونس,80
ميٽن,80
ناڙيون,80
ناڪار,80
نوروز,80
هَر,80
هاسپيٽل,80
هلاڪت,80
هنگاما,80
هوٿي,80
هيئر,80
وڄندو,80
وسرندڙ,80
ويراڳي,80
وييون,80
ياروءَ,80
